Workbook

Sheet Wand Mapping
A1: Wand | B1: Abjuration | C1: Conjuration | D1: Divination | E1: Transmutation | F1: Invocation | G1: Enchantment | H1: Necromancy | I1: Illusion | J1: Wild Magic | K1: Wand ID
C2: Power Word Sleep | F2: Black Blade of Disaster | H2: False Life | K2: wand_ai_000
C3: Empower Familiar | H3: Cause Moderate Wounds | K3: wand_ai_010
C4: Conjure Animals | F4: Blade Barrier | G4: Turning Weapon | H4: Death Spell | I4: Wraith Form | K4: wand_ai_020
B5: Antimagic Shell | C5: Find Familiar | H5: Reanimate | K5: wand_ai_030
B6: Pierce Shield | C6: Elemental Summoning | D6: Executioner's Eyes | H6: Soul Eater | K6: wand_ai_040
B7: Protection from Time Stop | C7: Maze | E7: Stone Skin | H7: Cause Medium Wounds | K7: wand_ai_050
B8: Spellstrike | C8: Monster Summoning 3 | F8: Delayed Blast Fireball | G8: Chaos | H8: Cause Critical Wounds | K8: wand_ai_060
B9: Armor of Faith | C9: Chant | D9: Clairvoyance | G9: Righteous Wrath of the Faithful | H9: Mass Heal | J9: Chaos Shield* | K9: wand_ai_070
B10: Protection from Electricity | C10: Bless | F10: Stinking Cloud | G10: Greater Malison | I10: Warrior Simulacrum | K10: wand_ai_080
C11: Fire Seeds | E11: Fire Curse | F11: Fire Shield (Red) | H11: Vampiric Feast | K11: wand_ai_090
C12: Conjure Fire Elemental | D12: Infravision | E12: Fire Earth Transformation | F12: Fireball | G12: Friends | K12: wand_ai_100
B13: Minor Spell Turning | C13: Ghost Armor | E13: Greater Steel Wind Strike | H13: Slay Living | K13: wand_ai_110
B14: Recitation | C14: Power Word, Kill | D14: Detect Illusion | E14: Sphere of Chaos | F14: Incendiary Cloud | G14: Charm Person | H14: Raise Dead | I14: Camouflage | K14: wand_ai_120
B15: Protection from Evil | C15: Melf's Acid Arrow | E15: Animal Growth | F15: Fire Shield (Blue) | H15: Neutralize Poison | K15: wand_ai_130
C16: Limited Wish | E16: Pebbles to Boulders | F16: Chain Contingency | H16: Mass Raise Dead | K16: wand_ai_140
B17: Exaltation | C17: Glitterdust | E17: Spellshaping: Fireball | F17: Mist of Eldath | H17: Resurrection | K17: wand_ai_150
C18: Monster Summoning 1 | E18: Otiluke's Resilient Sphere | F18: Acid Storm | H18: Sacrificial Explosion | K18: wand_ai_160
B19: Breach | C19: Symbol, Death | D19: Know Alignment | E19: Steal Spells | F19: Isaac's Greater Missile Storm | G19: Luck | I19: Perfect Invisibility | K19: wand_ai_170
C20: Stygian Ice Storm | E20: Shocking Grasp | F20: Ball Lightning | I20: Mirror Image | K20: wand_ai_180
C21: Writhing Fog | E21: Levitate | F21: Otiluke's Freezing Sphere | H21: Finger of Death | K21: wand_ai_190
C22: Greater Shield of Lathander | E22: Wondrous Recall | F22: Lance of Disruption | H22: Spirit Armor | K22: wand_ai_200
B23: Antiharm Shell | C23: Conjure Earth Elemental | D23: Oracle | E23: Strength of One | F23: Minor Sequencer | H23: Undead Ward | K23: wand_ai_210
B24: Cause Disease | C24: Mestil's Acid Breath | E24: Teleport Step | G24: Emotion: Hope | H24: Vampiric Touch | K24: wand_ai_220
C25: Ethereal Retribution | E25: Strength | F25: Chain Lightning | K25: wand_ai_230
B26: Protection from Normal Weapons | C26: Wish | D26: Extend Vision | E26: Drown | F26: Alicorn Lance | H26: Cure Serious Wounds | K26: wand_ai_240
B27: Entropy Shield | C27: Spirit Fire | E27: Steel Wind Strike | F27: Draw Upon Holy Might | G27: Emotion: Courage | K27: wand_ai_250
B28: Remove Paralysis | C28: Monster Summoning 7 | E28: Wind Shots | K28: wand_ai_260
B29: Bounce Spell | C29: Power Word: Pull | E29: Mold Touch | G29: Hold Person | H29: Recall Spirit | K29: wand_ai_270
C30: Recall Party | E30: Tenser's Transformation | F30: Energy Blades | H30: Unholy Blight | K30: wand_ai_280
C31: Symbol, Stun | D31: Contact Other Plane | E31: Beast Claw | F31: Bolt of Glory | G31: Disarm | H31: Wail of the Banshee | K31: wand_ai_290
B32: Freedom | C32: Monster Summoning 5 | E32: Rewind Time | F32: Freezing Wave | H32: Necropotence | I32: Phantasmal Dragon | K32: wand_ai_300
B33: Imprisonment | C33: Summon Fiend | E33: Teleport Field | H33: Vampiric Link | K33: wand_ai_310
B34: Protection From Non-Silver Weapons | C34: Sphere of Annihilation | E34: Sphere of Reversed Gravity | F34: Spiritual Wrath | H34: Abi-Dalzim's Horrid Wilting | K34: wand_ai_320
B35: Mantle | C35: Slime Drop | E35: Knock | F35: Whirlwind | H35: Cure Light Wounds | K35: wand_ai_330
B36: Absord Spell | C36: Wyvern Call | E36: Fire Elemental Transformation | F36: Heavenly Inferno | H36: Terror | J36: Disruptive Surge | K36: wand_ai_340
B37: Mind Blank | C37: Curse | E37: Skip Time | F37: Sunfire | H37: Mass Cure Light Wounds | K37: wand_ai_350
B38: Repulse | C38: Summon Kobold | E38: Silence 15' Radius | F38: Rampant Lightning | K38: wand_ai_360
B39: Forcecage | C39: Storm of Vengeance | E39: Shillelagh | F39: Smashing Wave | H39: Aid | K39: wand_ai_370
B40: Negative Plane Protection | C40: Elysium's Tears | E40: Burning Hands | F40: Bigby's Clenched Fist | H40: Linked Spirit | K40: wand_ai_380
B41: Guardian Magic | C41: Dimensional Chest | D41: Invisibility Purge | E41: Fly | F41: Holy Power | G41: Otto's Irresistible Spin | H41: Circle of Bones | I41: Improved Invisibility | K41: wand_ai_390
C42: Cacofiend | D42: True Sight | E42: Spike Stones | F42: Aura of Flaming Death | G42: Contingency Curse | H42: Contagion | I42: Spook | K42: wand_ai_400
B43: Damage Turning | C43: Gate | D43: Hunter's Mark | E43: Blood Rage | F43: Death Fog | G43: Control Slime | H43: Darts of Bone | K43: wand_ai_410
B44: Protection from Acid | C44: Commando Conjuration | E44: Enoll Eva's Duplication | F44: Lightning Stream | G44: Rigid Thinking | H44: Skull Trap | K44: wand_ai_420
B45: Absolute Immunity | C45: Recurring Contingency | D45: Detect Magic | E45: Ether Gate | F45: Wall of Moonlight | G45: Mass Charm | H45: Symbol, Pain | I45: Mislead | K45: wand_ai_430
B46: Minor Spell Deflection | C46: Spider Spawn | E46: Produce Fire | F46: Fiery Link | H46: Contingent Resurrection | K46: wand_ai_440
C47: Summon Nishruu | D47: Farsight | E47: Omnipresence | F47: Spiritual Hammer | G47: Mass Domination | H47: Death Ward | I47: Simulacrum | K47: wand_ai_450
B48: Protection from Cold | C48: Prismatic Spray | E48: Shapechange | F48: Living Lightning | H48: Cause Light Wounds | I48: Invisibility 10' Radius | K48: wand_ai_460
B49: Spell Deflection | C49: Flame Arrow | E49: Redirect Spell | F49: Trial by Fire | H49: Power Word, Heal | I49: Mass Invisibility | K49: wand_ai_470
B50: Glyph of Spell Storing | C50: Carrion Summons | E50: Shortening | F50: Icelance | H50: Unfailing Endurance | K50: wand_ai_480
B51: Protection From The Elements | C51: Prayer | D51: Detect Evil | E51: Enhance Attribute | F51: Spirit of Power | H51: Heal | K51: wand_ai_490
B52: Turn Creature | C52: Summon Djinni | E52: Flesh to Stone | F52: Mordenkainen's Force Missiles | H52: Cure Critical Wounds | K52: wand_ai_500
B53: Impervious Sanctity of Mind | C53: Summon Fallen Deva | E53: Earthquake | F53: Spell Trigger | G53: Enslave | H53: Null Healing | I53: Major Mirror Image | K53: wand_ai_510
B54: Zone of Sweet Air | C54: Summon Lizard Man | E54: Improved Haste | H54: Slow Poison | I54: Project Image | K54: wand_ai_520
C55: Summon Insects | E55: Haste | F55: Phantom Blade | H55: Lich Touch | K55: wand_ai_530
B56: Heightening | C56: Summon Efreeti | E56: Static Charge | H56: Larloch's Minor Drain | K56: wand_ai_540
B57: Globe of Invulnerability | C57: Summon Hakeashar | E57: Disintigrate | H57: Horror | K57: wand_ai_550
B58: Spell Shield | C58: Cloak of Fear | E58: Freeze Inanimates | F58: Spell Sequencer | H58: Slaying Sequencer | I58: Blindness | K58: wand_ai_560
B59: Dispel Magic | C59: Teleportation Circle | E59: Physical Mirror | F59: Volcanic Eruption | H59: Harm | I59: Phantasmal Killer | K59: wand_ai_570
B60: Spell Turning | C60: Greater Elemental Summoning | E60: Polymorph Self | F60: Wall of Fire | H60: Ghoulish Feast | K60: wand_ai_580
B61: Storm Shield | E61: Resist Fire/Cold | H61: Summon Shadow | K61: wand_ai_590
B62: Khelben's Warding Whip | C62: Aerial Servant | D62: Beast Sense | E62: Critical Boon | F62: Web | G62: Greater Nightmare | H62: Animate Dead | I62: Backstab Sequencer | J62: Improved Chaos Shield* | K62: wand_ai_600
B63: Repulse Undead | E63: Jump | H63: Favored of the Spirits | K63: wand_ai_610
B64: Power Word: Push | C64: Animal Summoning 3 | E64: Spike Growth | F64: Melf's Minute Meteors | G64: Intoxicate | H64: Hold Undead | I64: Demi-Shadow Monsters | K64: wand_ai_620
B65: Improved Mantle | C65: Insect Plague | E65: Prolongment | H65: Trollish Fortitude | K65: wand_ai_630
B66: Expose to the Elements | C66: Vitriolic Sphere | D66: Detect Invisibility | E66: Doom | F66: Tornado | H66: Skeleton Horde | K66: wand_ai_640
B67: Wall of Force | C67: Creeping Doom | E67: Throw | F67: Sol's Searing Orb | H67: Mass Cause Light Wounds | I67: Shades | K67: wand_ai_650
B68: Minor Globe of Invulnerability | E68: Thorn Spray | F68: Flame Blade | I68: Deafness | K68: wand_ai_660
B69: Protection from Magical Weapons | E69: Dolorous Decay | F69: Mass Sequencer | G69: Domination | H69: Poison | K69: wand_ai_670
B70: Spell Immunity | C70: Star Metal Cudgel | D70: Far Cast | E70: Piercing Shots | F70: Missile of Patience | G70: Emotion: Hopelessness | H70: Chill Touch | K70: wand_ai_680
B71: Improved Alacrity | C71: Summon Trolls | E71: Snake's Swiftness | F71: Malavon's Rage | G71: Defensive Harmony | H71: Destruction | K71: wand_ai_690
B72: Sphere of Security | C72: Unholy Word | E72: Suffocate | F72: Ice Storm | H72: Ghoul Touch | K72: wand_ai_700
B73: Free Action | C73: Symbol, Hopelessness | E73: Cloud of Pestilance | F73: Meteor Swarm | I73: Reflected Image | K73: wand_ai_710
C74: Symbol, Fear | E74: Giant Insect | F74: Shroud of Flame | G74: Enchanted Weapon | H74: Cure Medium Wounds | K74: wand_ai_720
B75: Protection from Magical Energy | C75: Call Woodland Beings | E75: Entangle | F75: Cloudburst | K75: wand_ai_730
B76: Remove Magic | C76: Forest's Blessing | E76: Time Stop | F76: Moonblade | G76: Magic Stone | H76: Cure Moderate Wounds | K76: wand_ai_740
B77: Absolute Guard | C77: Conjure Air Elemental | D77: Legend Lore | F77: Snilloc's Snowball Swarm | G77: Chaotic Commands | H77: Lesser Restoration | I77: Pixie Dust | K77: wand_ai_750
B78: Protection from Energy | C78: Create Pit | E78: Color Spray | F78: Contingency | G78: Spiritual Lock | H78: Control Undead | K78: wand_ai_760
B79: Protection from Normal Missiles | C79: Power Word Blind | E79: Ghostform | F79: Dragon's Breath | G79: Hold Monster | K79: wand_ai_770
B80: Secret Word | C80: Linked Portals | E80: Slow | F80: Metafireball | G80: Extraordinary Luck | H80: Holy Smite | I80: Globe of Invisibility | K80: wand_ai_780
B81: Remove Curse | C81: Summon Planetar | E81: Attain Perfection | F81: Globe of Blades | G81: Miscast Magic | H81: Greater Restoration | I81: Shadow Door | K81: wand_ai_790
B82: Cure Disease | C82: Monster Summoning 2 | E82: Inertia | F82: Great Shout | G82: Taunt | K82: wand_ai_800
B83: Seven Eyes | C83: Summon Deva | D83: Find Traps | E83: Magic Resistance | F83: Malavon's Corrosive Fog | G83: Eclectic Recall | H83: Beltyn's Burning Blood | K83: wand_ai_810
B84: Reflect Attack | C84: Comet | E84: Champion's Strength | F84: Chromatic Orb | G84: Dire Charm | H84: Life Transfer | I84: Displacement | J84: Nahal's Reckless Dweomer* | K84: wand_ai_820
B85: Spell Thrust | C85: Invisible Stalker | E85: Ruby Ray of Reversal | F85: Agannazar's Scorcher | G85: Ray of Enfeeblement | H85: Cause Serious Wounds | K85: wand_ai_830
B86: Sanctuary | C86: Shield of Lathander | E86: Vocalize | F86: Mordenkainen's Sword | K86: wand_ai_840
B87: Specific Spell Immunity | C87: Copy Spell | E87: Wizard Eye | F87: Polar Ray | G87: Command | H87: Culling Thought | I87: Blur | K87: wand_ai_850
B88: Protection from Fire | C88: Call Water Weirds | E88: Call Lightning | F88: Cone of Cold | G88: Critical Spell | K88: wand_ai_860
B89: Storm Shell | C89: Summon Dark Planetar | E89: Implosion | F89: Sunscorch | G89: Mental Domination | K89: wand_ai_870
B90: Pierce Magic | C90: Power Word Silence | E90: Lower Resistance | K90: wand_ai_880
B91: Shield of the Archons | C91: Nonrandom Zone | E91: Righteous Magic | F91: Shield | G91: Confusion | I91: Clone Other | K91: wand_ai_890
B92: Non-Detection | C92: Monster Summoning 6 | E92: Healing Curse | F92: Bigby's Crushing Hand | G92: Contagious Fear | H92: Death Trigger | I92: Invisibility | K92: wand_ai_900
B93: Spiritual Clarity | C93: Monster Summoning 4 | E93: Expeditious Retreat | F93: False Dawn | G93: Mind Fog | K93: wand_ai_910
B94: True Dispel (P) | C94: Armor | E94: Dimension Door | F94: Sunray | G94: Greater Command | I94: Shadow Monsters | K94: wand_ai_920
C95: Familiar Spell | E95: Barrage | F95: Gedlee's Electric Barrier | G95: Feeblemind | H95: Energy Drain | K95: wand_ai_930
B96: Spell Trap | C96: Animal Summoning 2 | E96: Ghostwalk | F96: Searing Smite | K96: wand_ai_940
B97: Remove Fear | C97: Grease | F97: Greater Living Lightning | G97: Hex | K97: wand_ai_950
B98: Protection from Petrification | C98: Holy Word | E98: Iron Body | F98: Fire Storm | G98: Animal Rage | H98: Favor of Illmater | K98: wand_ai_960
B99: Protection from Evil 10' Radius | C99: Animal Summoning 1 | D99: Identify | E99: Cat's Grace | F99: Shout | G99: Mental Agility | K99: wand_ai_970
B100: Spirit Ward | C100: Colossal Growth | E100: Barkskin | F100: Goodberry | G100: Charm Person or Mammal | H100: Wither | K100: wand_ai_980
...

Sheet Spells Per School
B1: Wild Magic | C1: Divination | D1: Illusion | E1: Enchantment | F1: Necromancy | G1: Abjuration | H1: Invocation | I1: Transmutation | J1: Conjuration
A2: Count | B2: 4 | C2: 20 | D2: 30 | E2: 47 | F2: 78 | G2: 82 | H2: 83 | I2: 90 | J2: 96

Sheet Tinker-Suffixes
A1: Base | B1: Wild Magic | C1: Divination | D1: Illusion | E1: Enchantment | F1: Necromancy | G1: Abjuration | H1: Invocation | I1: Transmutation | J1: Conjuration | K1: Suffix | L1: RAND | M1: OVERRIDE | N1: Result
A2: ='Wand Mapping'!K2 -> wand_ai_000 | B2: =IF(NOT(ISBLANK('Wand Mapping'!$J2)), "WM") -> FALSE | C2: =IF(NOT(ISBLANK('Wand Mapping'!$D2)), "DI") -> FALSE | D2: =IF(NOT(ISBLANK('Wand Mapping'!$I2)), "IL") -> FALSE | E2: =IF(NOT(ISBLANK('Wand Mapping'!$G2)), "EN") -> FALSE | F2: =IF(NOT(ISBLANK('Wand Mapping'!$H2)), "NE") -> NE | G2: =IF(NOT(ISBLANK('Wand Mapping'!$B2)), "AB") -> FALSE | H2: =IF(NOT(ISBLANK('Wand Mapping'!$F2)), "EV") -> EV | I2: =IF(NOT(ISBLANK('Wand Mapping'!$E2)), "TR") -> FALSE | J2: =IF(NOT(ISBLANK('Wand Mapping'!$C2)), "CO") -> CO | K2: =IF(B2=FALSE, IF(C2=FALSE, IF(D2=FALSE, IF(E2=FALSE, "RAND", E2), D2), C2), B2) -> RAND | L2: =IF(K2="RAND", OFFSET(F2, 0, MOD(RAND(), 3)), K2) -> NE | M2: EV | N2: =_xlfn.CONCAT(A2, "-", M2, ".BAM") -> wand_ai_000-EV.BAM
A3: ='Wand Mapping'!K3 -> wand_ai_010 | B3: =IF(NOT(ISBLANK('Wand Mapping'!$J3)), "WM") -> FALSE | C3: =IF(NOT(ISBLANK('Wand Mapping'!$D3)), "DI") -> FALSE | D3: =IF(NOT(ISBLANK('Wand Mapping'!$I3)), "IL") -> FALSE | E3: =IF(NOT(ISBLANK('Wand Mapping'!$G3)), "EN") -> FALSE | F3: =IF(NOT(ISBLANK('Wand Mapping'!$H3)), "NE") -> NE | G3: =IF(NOT(ISBLANK('Wand Mapping'!$B3)), "AB") -> FALSE | H3: =IF(NOT(ISBLANK('Wand Mapping'!$F3)), "EV") -> FALSE | I3: =IF(NOT(ISBLANK('Wand Mapping'!$E3)), "TR") -> FALSE | J3: =IF(NOT(ISBLANK('Wand Mapping'!$C3)), "CO") -> CO | K3: =IF(B3=FALSE, IF(C3=FALSE, IF(D3=FALSE, IF(E3=FALSE, "RAND", E3), D3), C3), B3) -> RAND | L3: =IF(K3="RAND", OFFSET(F3, 0, MOD(RAND(), 3)), K3) -> NE | M3: =IF(L3=FALSE, ,L3) -> NE | N3: =_xlfn.CONCAT(A3, "-", M3, ".BAM") -> wand_ai_010-NE.BAM
A4: ='Wand Mapping'!K4 -> wand_ai_020 | B4: =IF(NOT(ISBLANK('Wand Mapping'!$J4)), "WM") -> FALSE | C4: =IF(NOT(ISBLANK('Wand Mapping'!$D4)), "DI") -> FALSE | D4: =IF(NOT(ISBLANK('Wand Mapping'!$I4)), "IL") -> IL | E4: =IF(NOT(ISBLANK('Wand Mapping'!$G4)), "EN") -> EN | F4: =IF(NOT(ISBLANK('Wand Mapping'!$H4)), "NE") -> NE | G4: =IF(NOT(ISBLANK('Wand Mapping'!$B4)), "AB") -> FALSE | H4: =IF(NOT(ISBLANK('Wand Mapping'!$F4)), "EV") -> EV | I4: =IF(NOT(ISBLANK('Wand Mapping'!$E4)), "TR") -> FALSE | J4: =IF(NOT(ISBLANK('Wand Mapping'!$C4)), "CO") -> CO | K4: =IF(B4=FALSE, IF(C4=FALSE, IF(D4=FALSE, IF(E4=FALSE, "RAND", E4), D4), C4), B4) -> IL | L4: =IF(K4="RAND", OFFSET(F4, 0, MOD(RAND(), 3)), K4) -> IL | M4: =IF(L4=FALSE, ,L4) -> IL | N4: =_xlfn.CONCAT(A4, "-", M4, ".BAM") -> wand_ai_020-IL.BAM
A5: ='Wand Mapping'!K5 -> wand_ai_030 | B5: =IF(NOT(ISBLANK('Wand Mapping'!$J5)), "WM") -> FALSE | C5: =IF(NOT(ISBLANK('Wand Mapping'!$D5)), "DI") -> FALSE | D5: =IF(NOT(ISBLANK('Wand Mapping'!$I5)), "IL") -> FALSE | E5: =IF(NOT(ISBLANK('Wand Mapping'!$G5)), "EN") -> FALSE | F5: =IF(NOT(ISBLANK('Wand Mapping'!$H5)), "NE") -> NE | G5: =IF(NOT(ISBLANK('Wand Mapping'!$B5)), "AB") -> AB | H5: =IF(NOT(ISBLANK('Wand Mapping'!$F5)), "EV") -> FALSE | I5: =IF(NOT(ISBLANK('Wand Mapping'!$E5)), "TR") -> FALSE | J5: =IF(NOT(ISBLANK('Wand Mapping'!$C5)), "CO") -> CO | K5: =IF(B5=FALSE, IF(C5=FALSE, IF(D5=FALSE, IF(E5=FALSE, "RAND", E5), D5), C5), B5) -> RAND | L5: =IF(K5="RAND", OFFSET(F5, 0, MOD(RAND(), 3)), K5) -> NE | M5: CO | N5: =_xlfn.CONCAT(A5, "-", M5, ".BAM") -> wand_ai_030-CO.BAM
A6: ='Wand Mapping'!K6 -> wand_ai_040 | B6: =IF(NOT(ISBLANK('Wand Mapping'!$J6)), "WM") -> FALSE | C6: =IF(NOT(ISBLANK('Wand Mapping'!$D6)), "DI") -> DI | D6: =IF(NOT(ISBLANK('Wand Mapping'!$I6)), "IL") -> FALSE | E6: =IF(NOT(ISBLANK('Wand Mapping'!$G6)), "EN") -> FALSE | F6: =IF(NOT(ISBLANK('Wand Mapping'!$H6)), "NE") -> NE | G6: =IF(NOT(ISBLANK('Wand Mapping'!$B6)), "AB") -> AB | H6: =IF(NOT(ISBLANK('Wand Mapping'!$F6)), "EV") -> FALSE | I6: =IF(NOT(ISBLANK('Wand Mapping'!$E6)), "TR") -> FALSE | J6: =IF(NOT(ISBLANK('Wand Mapping'!$C6)), "CO") -> CO | K6: =IF(B6=FALSE, IF(C6=FALSE, IF(D6=FALSE, IF(E6=FALSE, "RAND", E6), D6), C6), B6) -> DI | L6: =IF(K6="RAND", OFFSET(F6, 0, MOD(RAND(), 3)), K6) -> DI | M6: =IF(L6=FALSE, ,L6) -> DI | N6: =_xlfn.CONCAT(A6, "-", M6, ".BAM") -> wand_ai_040-DI.BAM
A7: ='Wand Mapping'!K7 -> wand_ai_050 | B7: =IF(NOT(ISBLANK('Wand Mapping'!$J7)), "WM") -> FALSE | C7: =IF(NOT(ISBLANK('Wand Mapping'!$D7)), "DI") -> FALSE | D7: =IF(NOT(ISBLANK('Wand Mapping'!$I7)), "IL") -> FALSE | E7: =IF(NOT(ISBLANK('Wand Mapping'!$G7)), "EN") -> FALSE | F7: =IF(NOT(ISBLANK('Wand Mapping'!$H7)), "NE") -> NE | G7: =IF(NOT(ISBLANK('Wand Mapping'!$B7)), "AB") -> AB | H7: =IF(NOT(ISBLANK('Wand Mapping'!$F7)), "EV") -> FALSE | I7: =IF(NOT(ISBLANK('Wand Mapping'!$E7)), "TR") -> TR | J7: =IF(NOT(ISBLANK('Wand Mapping'!$C7)), "CO") -> CO | K7: =IF(B7=FALSE, IF(C7=FALSE, IF(D7=FALSE, IF(E7=FALSE, "RAND", E7), D7), C7), B7) -> RAND | L7: =IF(K7="RAND", OFFSET(F7, 0, MOD(RAND(), 3)), K7) -> NE | M7: TR | N7: =_xlfn.CONCAT(A7, "-", M7, ".BAM") -> wand_ai_050-TR.BAM
A8: ='Wand Mapping'!K8 -> wand_ai_060 | B8: =IF(NOT(ISBLANK('Wand Mapping'!$J8)), "WM") -> FALSE | C8: =IF(NOT(ISBLANK('Wand Mapping'!$D8)), "DI") -> FALSE | D8: =IF(NOT(ISBLANK('Wand Mapping'!$I8)), "IL") -> FALSE | E8: =IF(NOT(ISBLANK('Wand Mapping'!$G8)), "EN") -> EN | F8: =IF(NOT(ISBLANK('Wand Mapping'!$H8)), "NE") -> NE | G8: =IF(NOT(ISBLANK('Wand Mapping'!$B8)), "AB") -> AB | H8: =IF(NOT(ISBLANK('Wand Mapping'!$F8)), "EV") -> EV | I8: =IF(NOT(ISBLANK('Wand Mapping'!$E8)), "TR") -> FALSE | J8: =IF(NOT(ISBLANK('Wand Mapping'!$C8)), "CO") -> CO | K8: =IF(B8=FALSE, IF(C8=FALSE, IF(D8=FALSE, IF(E8=FALSE, "RAND", E8), D8), C8), B8) -> EN | L8: =IF(K8="RAND", OFFSET(F8, 0, MOD(RAND(), 3)), K8) -> EN | M8: =IF(L8=FALSE, ,L8) -> EN | N8: =_xlfn.CONCAT(A8, "-", M8, ".BAM") -> wand_ai_060-EN.BAM
A9: ='Wand Mapping'!K9 -> wand_ai_070 | B9: =IF(NOT(ISBLANK('Wand Mapping'!$J9)), "WM") -> WM | C9: =IF(NOT(ISBLANK('Wand Mapping'!$D9)), "DI") -> DI | D9: =IF(NOT(ISBLANK('Wand Mapping'!$I9)), "IL") -> FALSE | E9: =IF(NOT(ISBLANK('Wand Mapping'!$G9)), "EN") -> EN | F9: =IF(NOT(ISBLANK('Wand Mapping'!$H9)), "NE") -> NE | G9: =IF(NOT(ISBLANK('Wand Mapping'!$B9)), "AB") -> AB | H9: =IF(NOT(ISBLANK('Wand Mapping'!$F9)), "EV") -> FALSE | I9: =IF(NOT(ISBLANK('Wand Mapping'!$E9)), "TR") -> FALSE | J9: =IF(NOT(ISBLANK('Wand Mapping'!$C9)), "CO") -> CO | K9: =IF(B9=FALSE, IF(C9=FALSE, IF(D9=FALSE, IF(E9=FALSE, "RAND", E9), D9), C9), B9) -> WM | L9: =IF(K9="RAND", OFFSET(F9, 0, MOD(RAND(), 3)), K9) -> WM | M9: =IF(L9=FALSE, ,L9) -> WM | N9: =_xlfn.CONCAT(A9, "-", M9, ".BAM") -> wand_ai_070-WM.BAM
A10: ='Wand Mapping'!K10 -> wand_ai_080 | B10: =IF(NOT(ISBLANK('Wand Mapping'!$J10)), "WM") -> FALSE | C10: =IF(NOT(ISBLANK('Wand Mapping'!$D10)), "DI") -> FALSE | D10: =IF(NOT(ISBLANK('Wand Mapping'!$I10)), "IL") -> IL | E10: =IF(NOT(ISBLANK('Wand Mapping'!$G10)), "EN") -> EN | F10: =IF(NOT(ISBLANK('Wand Mapping'!$H10)), "NE") -> FALSE | G10: =IF(NOT(ISBLANK('Wand Mapping'!$B10)), "AB") -> AB | H10: =IF(NOT(ISBLANK('Wand Mapping'!$F10)), "EV") -> EV | I10: =IF(NOT(ISBLANK('Wand Mapping'!$E10)), "TR") -> FALSE | J10: =IF(NOT(ISBLANK('Wand Mapping'!$C10)), "CO") -> CO | K10: =IF(B10=FALSE, IF(C10=FALSE, IF(D10=FALSE, IF(E10=FALSE, "RAND", E10), D10), C10), B10) -> IL | L10: =IF(K10="RAND", OFFSET(F10, 0, MOD(RAND(), 3)), K10) -> IL | M10: =IF(L10=FALSE, ,L10) -> IL | N10: =_xlfn.CONCAT(A10, "-", M10, ".BAM") -> wand_ai_080-IL.BAM
A11: ='Wand Mapping'!K11 -> wand_ai_090 | B11: =IF(NOT(ISBLANK('Wand Mapping'!$J11)), "WM") -> FALSE | C11: =IF(NOT(ISBLANK('Wand Mapping'!$D11)), "DI") -> FALSE | D11: =IF(NOT(ISBLANK('Wand Mapping'!$I11)), "IL") -> FALSE | E11: =IF(NOT(ISBLANK('Wand Mapping'!$G11)), "EN") -> FALSE | F11: =IF(NOT(ISBLANK('Wand Mapping'!$H11)), "NE") -> NE | G11: =IF(NOT(ISBLANK('Wand Mapping'!$B11)), "AB") -> FALSE | H11: =IF(NOT(ISBLANK('Wand Mapping'!$F11)), "EV") -> EV | I11: =IF(NOT(ISBLANK('Wand Mapping'!$E11)), "TR") -> TR | J11: =IF(NOT(ISBLANK('Wand Mapping'!$C11)), "CO") -> CO | K11: =IF(B11=FALSE, IF(C11=FALSE, IF(D11=FALSE, IF(E11=FALSE, "RAND", E11), D11), C11), B11) -> RAND | L11: =IF(K11="RAND", OFFSET(F11, 0, MOD(RAND(), 3)), K11) -> NE | M11: EV | N11: =_xlfn.CONCAT(A11, "-", M11, ".BAM") -> wand_ai_090-EV.BAM
A12: ='Wand Mapping'!K12 -> wand_ai_100 | B12: =IF(NOT(ISBLANK('Wand Mapping'!$J12)), "WM") -> FALSE | C12: =IF(NOT(ISBLANK('Wand Mapping'!$D12)), "DI") -> DI | D12: =IF(NOT(ISBLANK('Wand Mapping'!$I12)), "IL") -> FALSE | E12: =IF(NOT(ISBLANK('Wand Mapping'!$G12)), "EN") -> EN | F12: =IF(NOT(ISBLANK('Wand Mapping'!$H12)), "NE") -> FALSE | G12: =IF(NOT(ISBLANK('Wand Mapping'!$B12)), "AB") -> FALSE | H12: =IF(NOT(ISBLANK('Wand Mapping'!$F12)), "EV") -> EV | I12: =IF(NOT(ISBLANK('Wand Mapping'!$E12)), "TR") -> TR | J12: =IF(NOT(ISBLANK('Wand Mapping'!$C12)), "CO") -> CO | K12: =IF(B12=FALSE, IF(C12=FALSE, IF(D12=FALSE, IF(E12=FALSE, "RAND", E12), D12), C12), B12) -> DI | L12: =IF(K12="RAND", OFFSET(F12, 0, MOD(RAND(), 3)), K12) -> DI | M12: =IF(L12=FALSE, ,L12) -> DI | N12: =_xlfn.CONCAT(A12, "-", M12, ".BAM") -> wand_ai_100-DI.BAM
A13: ='Wand Mapping'!K13 -> wand_ai_110 | B13: =IF(NOT(ISBLANK('Wand Mapping'!$J13)), "WM") -> FALSE | C13: =IF(NOT(ISBLANK('Wand Mapping'!$D13)), "DI") -> FALSE | D13: =IF(NOT(ISBLANK('Wand Mapping'!$I13)), "IL") -> FALSE | E13: =IF(NOT(ISBLANK('Wand Mapping'!$G13)), "EN") -> FALSE | F13: =IF(NOT(ISBLANK('Wand Mapping'!$H13)), "NE") -> NE | G13: =IF(NOT(ISBLANK('Wand Mapping'!$B13)), "AB") -> AB | H13: =IF(NOT(ISBLANK('Wand Mapping'!$F13)), "EV") -> FALSE | I13: =IF(NOT(ISBLANK('Wand Mapping'!$E13)), "TR") -> TR | J13: =IF(NOT(ISBLANK('Wand Mapping'!$C13)), "CO") -> CO | K13: =IF(B13=FALSE, IF(C13=FALSE, IF(D13=FALSE, IF(E13=FALSE, "RAND", E13), D13), C13), B13) -> RAND | L13: =IF(K13="RAND", OFFSET(F13, 0, MOD(RAND(), 3)), K13) -> NE | M13: =IF(L13=FALSE, ,L13) -> NE | N13: =_xlfn.CONCAT(A13, "-", M13, ".BAM") -> wand_ai_110-NE.BAM
A14: ='Wand Mapping'!K14 -> wand_ai_120 | B14: =IF(NOT(ISBLANK('Wand Mapping'!$J14)), "WM") -> FALSE | C14: =IF(NOT(ISBLANK('Wand Mapping'!$D14)), "DI") -> DI | D14: =IF(NOT(ISBLANK('Wand Mapping'!$I14)), "IL") -> IL | E14: =IF(NOT(ISBLANK('Wand Mapping'!$G14)), "EN") -> EN | F14: =IF(NOT(ISBLANK('Wand Mapping'!$H14)), "NE") -> NE | G14: =IF(NOT(ISBLANK('Wand Mapping'!$B14)), "AB") -> AB | H14: =IF(NOT(ISBLANK('Wand Mapping'!$F14)), "EV") -> EV | I14: =IF(NOT(ISBLANK('Wand Mapping'!$E14)), "TR") -> TR | J14: =IF(NOT(ISBLANK('Wand Mapping'!$C14)), "CO") -> CO | K14: =IF(B14=FALSE, IF(C14=FALSE, IF(D14=FALSE, IF(E14=FALSE, "RAND", E14), D14), C14), B14) -> DI | L14: =IF(K14="RAND", OFFSET(F14, 0, MOD(RAND(), 3)), K14) -> DI | M14: =IF(L14=FALSE, ,L14) -> DI | N14: =_xlfn.CONCAT(A14, "-", M14, ".BAM") -> wand_ai_120-DI.BAM
A15: ='Wand Mapping'!K15 -> wand_ai_130 | B15: =IF(NOT(ISBLANK('Wand Mapping'!$J15)), "WM") -> FALSE | C15: =IF(NOT(ISBLANK('Wand Mapping'!$D15)), "DI") -> FALSE | D15: =IF(NOT(ISBLANK('Wand Mapping'!$I15)), "IL") -> FALSE | E15: =IF(NOT(ISBLANK('Wand Mapping'!$G15)), "EN") -> FALSE | F15: =IF(NOT(ISBLANK('Wand Mapping'!$H15)), "NE") -> NE | G15: =IF(NOT(ISBLANK('Wand Mapping'!$B15)), "AB") -> AB | H15: =IF(NOT(ISBLANK('Wand Mapping'!$F15)), "EV") -> EV | I15: =IF(NOT(ISBLANK('Wand Mapping'!$E15)), "TR") -> TR | J15: =IF(NOT(ISBLANK('Wand Mapping'!$C15)), "CO") -> CO | K15: =IF(B15=FALSE, IF(C15=FALSE, IF(D15=FALSE, IF(E15=FALSE, "RAND", E15), D15), C15), B15) -> RAND | L15: =IF(K15="RAND", OFFSET(F15, 0, MOD(RAND(), 3)), K15) -> NE | M15: =IF(L15=FALSE, ,L15) -> NE | N15: =_xlfn.CONCAT(A15, "-", M15, ".BAM") -> wand_ai_130-NE.BAM
A16: ='Wand Mapping'!K16 -> wand_ai_140 | B16: =IF(NOT(ISBLANK('Wand Mapping'!$J16)), "WM") -> FALSE | C16: =IF(NOT(ISBLANK('Wand Mapping'!$D16)), "DI") -> FALSE | D16: =IF(NOT(ISBLANK('Wand Mapping'!$I16)), "IL") -> FALSE | E16: =IF(NOT(ISBLANK('Wand Mapping'!$G16)), "EN") -> FALSE | F16: =IF(NOT(ISBLANK('Wand Mapping'!$H16)), "NE") -> NE | G16: =IF(NOT(ISBLANK('Wand Mapping'!$B16)), "AB") -> FALSE | H16: =IF(NOT(ISBLANK('Wand Mapping'!$F16)), "EV") -> EV | I16: =IF(NOT(ISBLANK('Wand Mapping'!$E16)), "TR") -> TR | J16: =IF(NOT(ISBLANK('Wand Mapping'!$C16)), "CO") -> CO | K16: =IF(B16=FALSE, IF(C16=FALSE, IF(D16=FALSE, IF(E16=FALSE, "RAND", E16), D16), C16), B16) -> RAND | L16: =IF(K16="RAND", OFFSET(F16, 0, MOD(RAND(), 3)), K16) -> NE | M16: TR | N16: =_xlfn.CONCAT(A16, "-", M16, ".BAM") -> wand_ai_140-TR.BAM
A17: ='Wand Mapping'!K17 -> wand_ai_150 | B17: =IF(NOT(ISBLANK('Wand Mapping'!$J17)), "WM") -> FALSE | C17: =IF(NOT(ISBLANK('Wand Mapping'!$D17)), "DI") -> FALSE | D17: =IF(NOT(ISBLANK('Wand Mapping'!$I17)), "IL") -> FALSE | E17: =IF(NOT(ISBLANK('Wand Mapping'!$G17)), "EN") -> FALSE | F17: =IF(NOT(ISBLANK('Wand Mapping'!$H17)), "NE") -> NE | G17: =IF(NOT(ISBLANK('Wand Mapping'!$B17)), "AB") -> AB | H17: =IF(NOT(ISBLANK('Wand Mapping'!$F17)), "EV") -> EV | I17: =IF(NOT(ISBLANK('Wand Mapping'!$E17)), "TR") -> TR | J17: =IF(NOT(ISBLANK('Wand Mapping'!$C17)), "CO") -> CO | K17: =IF(B17=FALSE, IF(C17=FALSE, IF(D17=FALSE, IF(E17=FALSE, "RAND", E17), D17), C17), B17) -> RAND | L17: =IF(K17="RAND", OFFSET(F17, 0, MOD(RAND(), 3)), K17) -> NE | M17: CO | N17: =_xlfn.CONCAT(A17, "-", M17, ".BAM") -> wand_ai_150-CO.BAM
A18: ='Wand Mapping'!K18 -> wand_ai_160 | B18: =IF(NOT(ISBLANK('Wand Mapping'!$J18)), "WM") -> FALSE | C18: =IF(NOT(ISBLANK('Wand Mapping'!$D18)), "DI") -> FALSE | D18: =IF(NOT(ISBLANK('Wand Mapping'!$I18)), "IL") -> FALSE | E18: =IF(NOT(ISBLANK('Wand Mapping'!$G18)), "EN") -> FALSE | F18: =IF(NOT(ISBLANK('Wand Mapping'!$H18)), "NE") -> NE | G18: =IF(NOT(ISBLANK('Wand Mapping'!$B18)), "AB") -> FALSE | H18: =IF(NOT(ISBLANK('Wand Mapping'!$F18)), "EV") -> EV | I18: =IF(NOT(ISBLANK('Wand Mapping'!$E18)), "TR") -> TR | J18: =IF(NOT(ISBLANK('Wand Mapping'!$C18)), "CO") -> CO | K18: =IF(B18=FALSE, IF(C18=FALSE, IF(D18=FALSE, IF(E18=FALSE, "RAND", E18), D18), C18), B18) -> RAND | L18: =IF(K18="RAND", OFFSET(F18, 0, MOD(RAND(), 3)), K18) -> NE | M18: EV | N18: =_xlfn.CONCAT(A18, "-", M18, ".BAM") -> wand_ai_160-EV.BAM
A19: ='Wand Mapping'!K19 -> wand_ai_170 | B19: =IF(NOT(ISBLANK('Wand Mapping'!$J19)), "WM") -> FALSE | C19: =IF(NOT(ISBLANK('Wand Mapping'!$D19)), "DI") -> DI | D19: =IF(NOT(ISBLANK('Wand Mapping'!$I19)), "IL") -> IL | E19: =IF(NOT(ISBLANK('Wand Mapping'!$G19)), "EN") -> EN | F19: =IF(NOT(ISBLANK('Wand Mapping'!$H19)), "NE") -> FALSE | G19: =IF(NOT(ISBLANK('Wand Mapping'!$B19)), "AB") -> AB | H19: =IF(NOT(ISBLANK('Wand Mapping'!$F19)), "EV") -> EV | I19: =IF(NOT(ISBLANK('Wand Mapping'!$E19)), "TR") -> TR | J19: =IF(NOT(ISBLANK('Wand Mapping'!$C19)), "CO") -> CO | K19: =IF(B19=FALSE, IF(C19=FALSE, IF(D19=FALSE, IF(E19=FALSE, "RAND", E19), D19), C19), B19) -> DI | L19: =IF(K19="RAND", OFFSET(F19, 0, MOD(RAND(), 3)), K19) -> DI | M19: =IF(L19=FALSE, ,L19) -> DI | N19: =_xlfn.CONCAT(A19, "-", M19, ".BAM") -> wand_ai_170-DI.BAM
A20: ='Wand Mapping'!K20 -> wand_ai_180 | B20: =IF(NOT(ISBLANK('Wand Mapping'!$J20)), "WM") -> FALSE | C20: =IF(NOT(ISBLANK('Wand Mapping'!$D20)), "DI") -> FALSE | D20: =IF(NOT(ISBLANK('Wand Mapping'!$I20)), "IL") -> IL | E20: =IF(NOT(ISBLANK('Wand Mapping'!$G20)), "EN") -> FALSE | F20: =IF(NOT(ISBLANK('Wand Mapping'!$H20)), "NE") -> FALSE | G20: =IF(NOT(ISBLANK('Wand Mapping'!$B20)), "AB") -> FALSE | H20: =IF(NOT(ISBLANK('Wand Mapping'!$F20)), "EV") -> EV | I20: =IF(NOT(ISBLANK('Wand Mapping'!$E20)), "TR") -> TR | J20: =IF(NOT(ISBLANK('Wand Mapping'!$C20)), "CO") -> CO | K20: =IF(B20=FALSE, IF(C20=FALSE, IF(D20=FALSE, IF(E20=FALSE, "RAND", E20), D20), C20), B20) -> IL | L20: =IF(K20="RAND", OFFSET(F20, 0, MOD(RAND(), 3)), K20) -> IL | M20: =IF(L20=FALSE, ,L20) -> IL | N20: =_xlfn.CONCAT(A20, "-", M20, ".BAM") -> wand_ai_180-IL.BAM
A21: ='Wand Mapping'!K21 -> wand_ai_190 | B21: =IF(NOT(ISBLANK('Wand Mapping'!$J21)), "WM") -> FALSE | C21: =IF(NOT(ISBLANK('Wand Mapping'!$D21)), "DI") -> FALSE | D21: =IF(NOT(ISBLANK('Wand Mapping'!$I21)), "IL") -> FALSE | E21: =IF(NOT(ISBLANK('Wand Mapping'!$G21)), "EN") -> FALSE | F21: =IF(NOT(ISBLANK('Wand Mapping'!$H21)), "NE") -> NE | G21: =IF(NOT(ISBLANK('Wand Mapping'!$B21)), "AB") -> FALSE | H21: =IF(NOT(ISBLANK('Wand Mapping'!$F21)), "EV") -> EV | I21: =IF(NOT(ISBLANK('Wand Mapping'!$E21)), "TR") -> TR | J21: =IF(NOT(ISBLANK('Wand Mapping'!$C21)), "CO") -> CO | K21: =IF(B21=FALSE, IF(C21=FALSE, IF(D21=FALSE, IF(E21=FALSE, "RAND", E21), D21), C21), B21) -> RAND | L21: =IF(K21="RAND", OFFSET(F21, 0, MOD(RAND(), 3)), K21) -> NE | M21: =IF(L21=FALSE, ,L21) -> NE | N21: =_xlfn.CONCAT(A21, "-", M21, ".BAM") -> wand_ai_190-NE.BAM
A22: ='Wand Mapping'!K22 -> wand_ai_200 | B22: =IF(NOT(ISBLANK('Wand Mapping'!$J22)), "WM") -> FALSE | C22: =IF(NOT(ISBLANK('Wand Mapping'!$D22)), "DI") -> FALSE | D22: =IF(NOT(ISBLANK('Wand Mapping'!$I22)), "IL") -> FALSE | E22: =IF(NOT(ISBLANK('Wand Mapping'!$G22)), "EN") -> FALSE | F22: =IF(NOT(ISBLANK('Wand Mapping'!$H22)), "NE") -> NE | G22: =IF(NOT(ISBLANK('Wand Mapping'!$B22)), "AB") -> FALSE | H22: =IF(NOT(ISBLANK('Wand Mapping'!$F22)), "EV") -> EV | I22: =IF(NOT(ISBLANK('Wand Mapping'!$E22)), "TR") -> TR | J22: =IF(NOT(ISBLANK('Wand Mapping'!$C22)), "CO") -> CO | K22: =IF(B22=FALSE, IF(C22=FALSE, IF(D22=FALSE, IF(E22=FALSE, "RAND", E22), D22), C22), B22) -> RAND | L22: =IF(K22="RAND", OFFSET(F22, 0, MOD(RAND(), 3)), K22) -> NE | M22: =IF(L22=FALSE, ,L22) -> NE | N22: =_xlfn.CONCAT(A22, "-", M22, ".BAM") -> wand_ai_200-NE.BAM
A23: ='Wand Mapping'!K23 -> wand_ai_210 | B23: =IF(NOT(ISBLANK('Wand Mapping'!$J23)), "WM") -> FALSE | C23: =IF(NOT(ISBLANK('Wand Mapping'!$D23)), "DI") -> DI | D23: =IF(NOT(ISBLANK('Wand Mapping'!$I23)), "IL") -> FALSE | E23: =IF(NOT(ISBLANK('Wand Mapping'!$G23)), "EN") -> FALSE | F23: =IF(NOT(ISBLANK('Wand Mapping'!$H23)), "NE") -> NE | G23: =IF(NOT(ISBLANK('Wand Mapping'!$B23)), "AB") -> AB | H23: =IF(NOT(ISBLANK('Wand Mapping'!$F23)), "EV") -> EV | I23: =IF(NOT(ISBLANK('Wand Mapping'!$E23)), "TR") -> TR | J23: =IF(NOT(ISBLANK('Wand Mapping'!$C23)), "CO") -> CO | K23: =IF(B23=FALSE, IF(C23=FALSE, IF(D23=FALSE, IF(E23=FALSE, "RAND", E23), D23), C23), B23) -> DI | L23: =IF(K23="RAND", OFFSET(F23, 0, MOD(RAND(), 3)), K23) -> DI | M23: =IF(L23=FALSE, ,L23) -> DI | N23: =_xlfn.CONCAT(A23, "-", M23, ".BAM") -> wand_ai_210-DI.BAM
A24: ='Wand Mapping'!K24 -> wand_ai_220 | B24: =IF(NOT(ISBLANK('Wand Mapping'!$J24)), "WM") -> FALSE | C24: =IF(NOT(ISBLANK('Wand Mapping'!$D24)), "DI") -> FALSE | D24: =IF(NOT(ISBLANK('Wand Mapping'!$I24)), "IL") -> FALSE | E24: =IF(NOT(ISBLANK('Wand Mapping'!$G24)), "EN") -> EN | F24: =IF(NOT(ISBLANK('Wand Mapping'!$H24)), "NE") -> NE | G24: =IF(NOT(ISBLANK('Wand Mapping'!$B24)), "AB") -> AB | H24: =IF(NOT(ISBLANK('Wand Mapping'!$F24)), "EV") -> FALSE | I24: =IF(NOT(ISBLANK('Wand Mapping'!$E24)), "TR") -> TR | J24: =IF(NOT(ISBLANK('Wand Mapping'!$C24)), "CO") -> CO | K24: =IF(B24=FALSE, IF(C24=FALSE, IF(D24=FALSE, IF(E24=FALSE, "RAND", E24), D24), C24), B24) -> EN | L24: =IF(K24="RAND", OFFSET(F24, 0, MOD(RAND(), 3)), K24) -> EN | M24: =IF(L24=FALSE, ,L24) -> EN | N24: =_xlfn.CONCAT(A24, "-", M24, ".BAM") -> wand_ai_220-EN.BAM
A25: ='Wand Mapping'!K25 -> wand_ai_230 | B25: =IF(NOT(ISBLANK('Wand Mapping'!$J25)), "WM") -> FALSE | C25: =IF(NOT(ISBLANK('Wand Mapping'!$D25)), "DI") -> FALSE | D25: =IF(NOT(ISBLANK('Wand Mapping'!$I25)), "IL") -> FALSE | E25: =IF(NOT(ISBLANK('Wand Mapping'!$G25)), "EN") -> FALSE | F25: =IF(NOT(ISBLANK('Wand Mapping'!$H25)), "NE") -> FALSE | G25: =IF(NOT(ISBLANK('Wand Mapping'!$B25)), "AB") -> FALSE | H25: =IF(NOT(ISBLANK('Wand Mapping'!$F25)), "EV") -> EV | I25: =IF(NOT(ISBLANK('Wand Mapping'!$E25)), "TR") -> TR | J25: =IF(NOT(ISBLANK('Wand Mapping'!$C25)), "CO") -> CO | K25: =IF(B25=FALSE, IF(C25=FALSE, IF(D25=FALSE, IF(E25=FALSE, "RAND", E25), D25), C25), B25) -> RAND | L25: =IF(K25="RAND", OFFSET(F25, 0, MOD(RAND(), 3)), K25) -> FALSE | M25: EV | N25: =_xlfn.CONCAT(A25, "-", M25, ".BAM") -> wand_ai_230-EV.BAM
A26: ='Wand Mapping'!K26 -> wand_ai_240 | B26: =IF(NOT(ISBLANK('Wand Mapping'!$J26)), "WM") -> FALSE | C26: =IF(NOT(ISBLANK('Wand Mapping'!$D26)), "DI") -> DI | D26: =IF(NOT(ISBLANK('Wand Mapping'!$I26)), "IL") -> FALSE | E26: =IF(NOT(ISBLANK('Wand Mapping'!$G26)), "EN") -> FALSE | F26: =IF(NOT(ISBLANK('Wand Mapping'!$H26)), "NE") -> NE | G26: =IF(NOT(ISBLANK('Wand Mapping'!$B26)), "AB") -> AB | H26: =IF(NOT(ISBLANK('Wand Mapping'!$F26)), "EV") -> EV | I26: =IF(NOT(ISBLANK('Wand Mapping'!$E26)), "TR") -> TR | J26: =IF(NOT(ISBLANK('Wand Mapping'!$C26)), "CO") -> CO | K26: =IF(B26=FALSE, IF(C26=FALSE, IF(D26=FALSE, IF(E26=FALSE, "RAND", E26), D26), C26), B26) -> DI | L26: =IF(K26="RAND", OFFSET(F26, 0, MOD(RAND(), 3)), K26) -> DI | M26: =IF(L26=FALSE, ,L26) -> DI | N26: =_xlfn.CONCAT(A26, "-", M26, ".BAM") -> wand_ai_240-DI.BAM
A27: ='Wand Mapping'!K27 -> wand_ai_250 | B27: =IF(NOT(ISBLANK('Wand Mapping'!$J27)), "WM") -> FALSE | C27: =IF(NOT(ISBLANK('Wand Mapping'!$D27)), "DI") -> FALSE | D27: =IF(NOT(ISBLANK('Wand Mapping'!$I27)), "IL") -> FALSE | E27: =IF(NOT(ISBLANK('Wand Mapping'!$G27)), "EN") -> EN | F27: =IF(NOT(ISBLANK('Wand Mapping'!$H27)), "NE") -> FALSE | G27: =IF(NOT(ISBLANK('Wand Mapping'!$B27)), "AB") -> AB | H27: =IF(NOT(ISBLANK('Wand Mapping'!$F27)), "EV") -> EV | I27: =IF(NOT(ISBLANK('Wand Mapping'!$E27)), "TR") -> TR | J27: =IF(NOT(ISBLANK('Wand Mapping'!$C27)), "CO") -> CO | K27: =IF(B27=FALSE, IF(C27=FALSE, IF(D27=FALSE, IF(E27=FALSE, "RAND", E27), D27), C27), B27) -> EN | L27: =IF(K27="RAND", OFFSET(F27, 0, MOD(RAND(), 3)), K27) -> EN | M27: =IF(L27=FALSE, ,L27) -> EN | N27: =_xlfn.CONCAT(A27, "-", M27, ".BAM") -> wand_ai_250-EN.BAM
A28: ='Wand Mapping'!K28 -> wand_ai_260 | B28: =IF(NOT(ISBLANK('Wand Mapping'!$J28)), "WM") -> FALSE | C28: =IF(NOT(ISBLANK('Wand Mapping'!$D28)), "DI") -> FALSE | D28: =IF(NOT(ISBLANK('Wand Mapping'!$I28)), "IL") -> FALSE | E28: =IF(NOT(ISBLANK('Wand Mapping'!$G28)), "EN") -> FALSE | F28: =IF(NOT(ISBLANK('Wand Mapping'!$H28)), "NE") -> FALSE | G28: =IF(NOT(ISBLANK('Wand Mapping'!$B28)), "AB") -> AB | H28: =IF(NOT(ISBLANK('Wand Mapping'!$F28)), "EV") -> FALSE | I28: =IF(NOT(ISBLANK('Wand Mapping'!$E28)), "TR") -> TR | J28: =IF(NOT(ISBLANK('Wand Mapping'!$C28)), "CO") -> CO | K28: =IF(B28=FALSE, IF(C28=FALSE, IF(D28=FALSE, IF(E28=FALSE, "RAND", E28), D28), C28), B28) -> RAND | L28: =IF(K28="RAND", OFFSET(F28, 0, MOD(RAND(), 3)), K28) -> FALSE | M28: TR | N28: =_xlfn.CONCAT(A28, "-", M28, ".BAM") -> wand_ai_260-TR.BAM
A29: ='Wand Mapping'!K29 -> wand_ai_270 | B29: =IF(NOT(ISBLANK('Wand Mapping'!$J29)), "WM") -> FALSE | C29: =IF(NOT(ISBLANK('Wand Mapping'!$D29)), "DI") -> FALSE | D29: =IF(NOT(ISBLANK('Wand Mapping'!$I29)), "IL") -> FALSE | E29: =IF(NOT(ISBLANK('Wand Mapping'!$G29)), "EN") -> EN | F29: =IF(NOT(ISBLANK('Wand Mapping'!$H29)), "NE") -> NE | G29: =IF(NOT(ISBLANK('Wand Mapping'!$B29)), "AB") -> AB | H29: =IF(NOT(ISBLANK('Wand Mapping'!$F29)), "EV") -> FALSE | I29: =IF(NOT(ISBLANK('Wand Mapping'!$E29)), "TR") -> TR | J29: =IF(NOT(ISBLANK('Wand Mapping'!$C29)), "CO") -> CO | K29: =IF(B29=FALSE, IF(C29=FALSE, IF(D29=FALSE, IF(E29=FALSE, "RAND", E29), D29), C29), B29) -> EN | L29: =IF(K29="RAND", OFFSET(F29, 0, MOD(RAND(), 3)), K29) -> EN | M29: =IF(L29=FALSE, ,L29) -> EN | N29: =_xlfn.CONCAT(A29, "-", M29, ".BAM") -> wand_ai_270-EN.BAM
A30: ='Wand Mapping'!K30 -> wand_ai_280 | B30: =IF(NOT(ISBLANK('Wand Mapping'!$J30)), "WM") -> FALSE | C30: =IF(NOT(ISBLANK('Wand Mapping'!$D30)), "DI") -> FALSE | D30: =IF(NOT(ISBLANK('Wand Mapping'!$I30)), "IL") -> FALSE | E30: =IF(NOT(ISBLANK('Wand Mapping'!$G30)), "EN") -> FALSE | F30: =IF(NOT(ISBLANK('Wand Mapping'!$H30)), "NE") -> NE | G30: =IF(NOT(ISBLANK('Wand Mapping'!$B30)), "AB") -> FALSE | H30: =IF(NOT(ISBLANK('Wand Mapping'!$F30)), "EV") -> EV | I30: =IF(NOT(ISBLANK('Wand Mapping'!$E30)), "TR") -> TR | J30: =IF(NOT(ISBLANK('Wand Mapping'!$C30)), "CO") -> CO | K30: =IF(B30=FALSE, IF(C30=FALSE, IF(D30=FALSE, IF(E30=FALSE, "RAND", E30), D30), C30), B30) -> RAND | L30: =IF(K30="RAND", OFFSET(F30, 0, MOD(RAND(), 3)), K30) -> NE | M30: =IF(L30=FALSE, ,L30) -> NE | N30: =_xlfn.CONCAT(A30, "-", M30, ".BAM") -> wand_ai_280-NE.BAM
A31: ='Wand Mapping'!K31 -> wand_ai_290 | B31: =IF(NOT(ISBLANK('Wand Mapping'!$J31)), "WM") -> FALSE | C31: =IF(NOT(ISBLANK('Wand Mapping'!$D31)), "DI") -> DI | D31: =IF(NOT(ISBLANK('Wand Mapping'!$I31)), "IL") -> FALSE | E31: =IF(NOT(ISBLANK('Wand Mapping'!$G31)), "EN") -> EN | F31: =IF(NOT(ISBLANK('Wand Mapping'!$H31)), "NE") -> NE | G31: =IF(NOT(ISBLANK('Wand Mapping'!$B31)), "AB") -> FALSE | H31: =IF(NOT(ISBLANK('Wand Mapping'!$F31)), "EV") -> EV | I31: =IF(NOT(ISBLANK('Wand Mapping'!$E31)), "TR") -> TR | J31: =IF(NOT(ISBLANK('Wand Mapping'!$C31)), "CO") -> CO | K31: =IF(B31=FALSE, IF(C31=FALSE, IF(D31=FALSE, IF(E31=FALSE, "RAND", E31), D31), C31), B31) -> DI | L31: =IF(K31="RAND", OFFSET(F31, 0, MOD(RAND(), 3)), K31) -> DI | M31: =IF(L31=FALSE, ,L31) -> DI | N31: =_xlfn.CONCAT(A31, "-", M31, ".BAM") -> wand_ai_290-DI.BAM
A32: ='Wand Mapping'!K32 -> wand_ai_300 | B32: =IF(NOT(ISBLANK('Wand Mapping'!$J32)), "WM") -> FALSE | C32: =IF(NOT(ISBLANK('Wand Mapping'!$D32)), "DI") -> FALSE | D32: =IF(NOT(ISBLANK('Wand Mapping'!$I32)), "IL") -> IL | E32: =IF(NOT(ISBLANK('Wand Mapping'!$G32)), "EN") -> FALSE | F32: =IF(NOT(ISBLANK('Wand Mapping'!$H32)), "NE") -> NE | G32: =IF(NOT(ISBLANK('Wand Mapping'!$B32)), "AB") -> AB | H32: =IF(NOT(ISBLANK('Wand Mapping'!$F32)), "EV") -> EV | I32: =IF(NOT(ISBLANK('Wand Mapping'!$E32)), "TR") -> TR | J32: =IF(NOT(ISBLANK('Wand Mapping'!$C32)), "CO") -> CO | K32: =IF(B32=FALSE, IF(C32=FALSE, IF(D32=FALSE, IF(E32=FALSE, "RAND", E32), D32), C32), B32) -> IL | L32: =IF(K32="RAND", OFFSET(F32, 0, MOD(RAND(), 3)), K32) -> IL | M32: =IF(L32=FALSE, ,L32) -> IL | N32: =_xlfn.CONCAT(A32, "-", M32, ".BAM") -> wand_ai_300-IL.BAM
A33: ='Wand Mapping'!K33 -> wand_ai_310 | B33: =IF(NOT(ISBLANK('Wand Mapping'!$J33)), "WM") -> FALSE | C33: =IF(NOT(ISBLANK('Wand Mapping'!$D33)), "DI") -> FALSE | D33: =IF(NOT(ISBLANK('Wand Mapping'!$I33)), "IL") -> FALSE | E33: =IF(NOT(ISBLANK('Wand Mapping'!$G33)), "EN") -> FALSE | F33: =IF(NOT(ISBLANK('Wand Mapping'!$H33)), "NE") -> NE | G33: =IF(NOT(ISBLANK('Wand Mapping'!$B33)), "AB") -> AB | H33: =IF(NOT(ISBLANK('Wand Mapping'!$F33)), "EV") -> FALSE | I33: =IF(NOT(ISBLANK('Wand Mapping'!$E33)), "TR") -> TR | J33: =IF(NOT(ISBLANK('Wand Mapping'!$C33)), "CO") -> CO | K33: =IF(B33=FALSE, IF(C33=FALSE, IF(D33=FALSE, IF(E33=FALSE, "RAND", E33), D33), C33), B33) -> RAND | L33: =IF(K33="RAND", OFFSET(F33, 0, MOD(RAND(), 3)), K33) -> NE | M33: =IF(L33=FALSE, ,L33) -> NE | N33: =_xlfn.CONCAT(A33, "-", M33, ".BAM") -> wand_ai_310-NE.BAM
A34: ='Wand Mapping'!K34 -> wand_ai_320 | B34: =IF(NOT(ISBLANK('Wand Mapping'!$J34)), "WM") -> FALSE | C34: =IF(NOT(ISBLANK('Wand Mapping'!$D34)), "DI") -> FALSE | D34: =IF(NOT(ISBLANK('Wand Mapping'!$I34)), "IL") -> FALSE | E34: =IF(NOT(ISBLANK('Wand Mapping'!$G34)), "EN") -> FALSE | F34: =IF(NOT(ISBLANK('Wand Mapping'!$H34)), "NE") -> NE | G34: =IF(NOT(ISBLANK('Wand Mapping'!$B34)), "AB") -> AB | H34: =IF(NOT(ISBLANK('Wand Mapping'!$F34)), "EV") -> EV | I34: =IF(NOT(ISBLANK('Wand Mapping'!$E34)), "TR") -> TR | J34: =IF(NOT(ISBLANK('Wand Mapping'!$C34)), "CO") -> CO | K34: =IF(B34=FALSE, IF(C34=FALSE, IF(D34=FALSE, IF(E34=FALSE, "RAND", E34), D34), C34), B34) -> RAND | L34: =IF(K34="RAND", OFFSET(F34, 0, MOD(RAND(), 3)), K34) -> NE | M34: =IF(L34=FALSE, ,L34) -> NE | N34: =_xlfn.CONCAT(A34, "-", M34, ".BAM") -> wand_ai_320-NE.BAM
A35: ='Wand Mapping'!K35 -> wand_ai_330 | B35: =IF(NOT(ISBLANK('Wand Mapping'!$J35)), "WM") -> FALSE | C35: =IF(NOT(ISBLANK('Wand Mapping'!$D35)), "DI") -> FALSE | D35: =IF(NOT(ISBLANK('Wand Mapping'!$I35)), "IL") -> FALSE | E35: =IF(NOT(ISBLANK('Wand Mapping'!$G35)), "EN") -> FALSE | F35: =IF(NOT(ISBLANK('Wand Mapping'!$H35)), "NE") -> NE | G35: =IF(NOT(ISBLANK('Wand Mapping'!$B35)), "AB") -> AB | H35: =IF(NOT(ISBLANK('Wand Mapping'!$F35)), "EV") -> EV | I35: =IF(NOT(ISBLANK('Wand Mapping'!$E35)), "TR") -> TR | J35: =IF(NOT(ISBLANK('Wand Mapping'!$C35)), "CO") -> CO | K35: =IF(B35=FALSE, IF(C35=FALSE, IF(D35=FALSE, IF(E35=FALSE, "RAND", E35), D35), C35), B35) -> RAND | L35: =IF(K35="RAND", OFFSET(F35, 0, MOD(RAND(), 3)), K35) -> NE | M35: =IF(L35=FALSE, ,L35) -> NE | N35: =_xlfn.CONCAT(A35, "-", M35, ".BAM") -> wand_ai_330-NE.BAM
A36: ='Wand Mapping'!K36 -> wand_ai_340 | B36: =IF(NOT(ISBLANK('Wand Mapping'!$J36)), "WM") -> WM | C36: =IF(NOT(ISBLANK('Wand Mapping'!$D36)), "DI") -> FALSE | D36: =IF(NOT(ISBLANK('Wand Mapping'!$I36)), "IL") -> FALSE | E36: =IF(NOT(ISBLANK('Wand Mapping'!$G36)), "EN") -> FALSE | F36: =IF(NOT(ISBLANK('Wand Mapping'!$H36)), "NE") -> NE | G36: =IF(NOT(ISBLANK('Wand Mapping'!$B36)), "AB") -> AB | H36: =IF(NOT(ISBLANK('Wand Mapping'!$F36)), "EV") -> EV | I36: =IF(NOT(ISBLANK('Wand Mapping'!$E36)), "TR") -> TR | J36: =IF(NOT(ISBLANK('Wand Mapping'!$C36)), "CO") -> CO | K36: =IF(B36=FALSE, IF(C36=FALSE, IF(D36=FALSE, IF(E36=FALSE, "RAND", E36), D36), C36), B36) -> WM | L36: =IF(K36="RAND", OFFSET(F36, 0, MOD(RAND(), 3)), K36) -> WM | M36: =IF(L36=FALSE, ,L36) -> WM | N36: =_xlfn.CONCAT(A36, "-", M36, ".BAM") -> wand_ai_340-WM.BAM
A37: ='Wand Mapping'!K37 -> wand_ai_350 | B37: =IF(NOT(ISBLANK('Wand Mapping'!$J37)), "WM") -> FALSE | C37: =IF(NOT(ISBLANK('Wand Mapping'!$D37)), "DI") -> FALSE | D37: =IF(NOT(ISBLANK('Wand Mapping'!$I37)), "IL") -> FALSE | E37: =IF(NOT(ISBLANK('Wand Mapping'!$G37)), "EN") -> FALSE | F37: =IF(NOT(ISBLANK('Wand Mapping'!$H37)), "NE") -> NE | G37: =IF(NOT(ISBLANK('Wand Mapping'!$B37)), "AB") -> AB | H37: =IF(NOT(ISBLANK('Wand Mapping'!$F37)), "EV") -> EV | I37: =IF(NOT(ISBLANK('Wand Mapping'!$E37)), "TR") -> TR | J37: =IF(NOT(ISBLANK('Wand Mapping'!$C37)), "CO") -> CO | K37: =IF(B37=FALSE, IF(C37=FALSE, IF(D37=FALSE, IF(E37=FALSE, "RAND", E37), D37), C37), B37) -> RAND | L37: =IF(K37="RAND", OFFSET(F37, 0, MOD(RAND(), 3)), K37) -> NE | M37: =IF(L37=FALSE, ,L37) -> NE | N37: =_xlfn.CONCAT(A37, "-", M37, ".BAM") -> wand_ai_350-NE.BAM
A38: ='Wand Mapping'!K38 -> wand_ai_360 | B38: =IF(NOT(ISBLANK('Wand Mapping'!$J38)), "WM") -> FALSE | C38: =IF(NOT(ISBLANK('Wand Mapping'!$D38)), "DI") -> FALSE | D38: =IF(NOT(ISBLANK('Wand Mapping'!$I38)), "IL") -> FALSE | E38: =IF(NOT(ISBLANK('Wand Mapping'!$G38)), "EN") -> FALSE | F38: =IF(NOT(ISBLANK('Wand Mapping'!$H38)), "NE") -> FALSE | G38: =IF(NOT(ISBLANK('Wand Mapping'!$B38)), "AB") -> AB | H38: =IF(NOT(ISBLANK('Wand Mapping'!$F38)), "EV") -> EV | I38: =IF(NOT(ISBLANK('Wand Mapping'!$E38)), "TR") -> TR | J38: =IF(NOT(ISBLANK('Wand Mapping'!$C38)), "CO") -> CO | K38: =IF(B38=FALSE, IF(C38=FALSE, IF(D38=FALSE, IF(E38=FALSE, "RAND", E38), D38), C38), B38) -> RAND | L38: =IF(K38="RAND", OFFSET(F38, 0, MOD(RAND(), 3)), K38) -> FALSE | M38: CO | N38: =_xlfn.CONCAT(A38, "-", M38, ".BAM") -> wand_ai_360-CO.BAM
A39: ='Wand Mapping'!K39 -> wand_ai_370 | B39: =IF(NOT(ISBLANK('Wand Mapping'!$J39)), "WM") -> FALSE | C39: =IF(NOT(ISBLANK('Wand Mapping'!$D39)), "DI") -> FALSE | D39: =IF(NOT(ISBLANK('Wand Mapping'!$I39)), "IL") -> FALSE | E39: =IF(NOT(ISBLANK('Wand Mapping'!$G39)), "EN") -> FALSE | F39: =IF(NOT(ISBLANK('Wand Mapping'!$H39)), "NE") -> NE | G39: =IF(NOT(ISBLANK('Wand Mapping'!$B39)), "AB") -> AB | H39: =IF(NOT(ISBLANK('Wand Mapping'!$F39)), "EV") -> EV | I39: =IF(NOT(ISBLANK('Wand Mapping'!$E39)), "TR") -> TR | J39: =IF(NOT(ISBLANK('Wand Mapping'!$C39)), "CO") -> CO | K39: =IF(B39=FALSE, IF(C39=FALSE, IF(D39=FALSE, IF(E39=FALSE, "RAND", E39), D39), C39), B39) -> RAND | L39: =IF(K39="RAND", OFFSET(F39, 0, MOD(RAND(), 3)), K39) -> NE | M39: =IF(L39=FALSE, ,L39) -> NE | N39: =_xlfn.CONCAT(A39, "-", M39, ".BAM") -> wand_ai_370-NE.BAM
A40: ='Wand Mapping'!K40 -> wand_ai_380 | B40: =IF(NOT(ISBLANK('Wand Mapping'!$J40)), "WM") -> FALSE | C40: =IF(NOT(ISBLANK('Wand Mapping'!$D40)), "DI") -> FALSE | D40: =IF(NOT(ISBLANK('Wand Mapping'!$I40)), "IL") -> FALSE | E40: =IF(NOT(ISBLANK('Wand Mapping'!$G40)), "EN") -> FALSE | F40: =IF(NOT(ISBLANK('Wand Mapping'!$H40)), "NE") -> NE | G40: =IF(NOT(ISBLANK('Wand Mapping'!$B40)), "AB") -> AB | H40: =IF(NOT(ISBLANK('Wand Mapping'!$F40)), "EV") -> EV | I40: =IF(NOT(ISBLANK('Wand Mapping'!$E40)), "TR") -> TR | J40: =IF(NOT(ISBLANK('Wand Mapping'!$C40)), "CO") -> CO | K40: =IF(B40=FALSE, IF(C40=FALSE, IF(D40=FALSE, IF(E40=FALSE, "RAND", E40), D40), C40), B40) -> RAND | L40: =IF(K40="RAND", OFFSET(F40, 0, MOD(RAND(), 3)), K40) -> NE | M40: =IF(L40=FALSE, ,L40) -> NE | N40: =_xlfn.CONCAT(A40, "-", M40, ".BAM") -> wand_ai_380-NE.BAM
A41: ='Wand Mapping'!K41 -> wand_ai_390 | B41: =IF(NOT(ISBLANK('Wand Mapping'!$J41)), "WM") -> FALSE | C41: =IF(NOT(ISBLANK('Wand Mapping'!$D41)), "DI") -> DI | D41: =IF(NOT(ISBLANK('Wand Mapping'!$I41)), "IL") -> IL | E41: =IF(NOT(ISBLANK('Wand Mapping'!$G41)), "EN") -> EN | F41: =IF(NOT(ISBLANK('Wand Mapping'!$H41)), "NE") -> NE | G41: =IF(NOT(ISBLANK('Wand Mapping'!$B41)), "AB") -> AB | H41: =IF(NOT(ISBLANK('Wand Mapping'!$F41)), "EV") -> EV | I41: =IF(NOT(ISBLANK('Wand Mapping'!$E41)), "TR") -> TR | J41: =IF(NOT(ISBLANK('Wand Mapping'!$C41)), "CO") -> CO | K41: =IF(B41=FALSE, IF(C41=FALSE, IF(D41=FALSE, IF(E41=FALSE, "RAND", E41), D41), C41), B41) -> DI | L41: =IF(K41="RAND", OFFSET(F41, 0, MOD(RAND(), 3)), K41) -> DI | M41: =IF(L41=FALSE, ,L41) -> DI | N41: =_xlfn.CONCAT(A41, "-", M41, ".BAM") -> wand_ai_390-DI.BAM
A42: ='Wand Mapping'!K42 -> wand_ai_400 | B42: =IF(NOT(ISBLANK('Wand Mapping'!$J42)), "WM") -> FALSE | C42: =IF(NOT(ISBLANK('Wand Mapping'!$D42)), "DI") -> DI | D42: =IF(NOT(ISBLANK('Wand Mapping'!$I42)), "IL") -> IL | E42: =IF(NOT(ISBLANK('Wand Mapping'!$G42)), "EN") -> EN | F42: =IF(NOT(ISBLANK('Wand Mapping'!$H42)), "NE") -> NE | G42: =IF(NOT(ISBLANK('Wand Mapping'!$B42)), "AB") -> FALSE | H42: =IF(NOT(ISBLANK('Wand Mapping'!$F42)), "EV") -> EV | I42: =IF(NOT(ISBLANK('Wand Mapping'!$E42)), "TR") -> TR | J42: =IF(NOT(ISBLANK('Wand Mapping'!$C42)), "CO") -> CO | K42: =IF(B42=FALSE, IF(C42=FALSE, IF(D42=FALSE, IF(E42=FALSE, "RAND", E42), D42), C42), B42) -> DI | L42: =IF(K42="RAND", OFFSET(F42, 0, MOD(RAND(), 3)), K42) -> DI | M42: =IF(L42=FALSE, ,L42) -> DI | N42: =_xlfn.CONCAT(A42, "-", M42, ".BAM") -> wand_ai_400-DI.BAM
A43: ='Wand Mapping'!K43 -> wand_ai_410 | B43: =IF(NOT(ISBLANK('Wand Mapping'!$J43)), "WM") -> FALSE | C43: =IF(NOT(ISBLANK('Wand Mapping'!$D43)), "DI") -> DI | D43: =IF(NOT(ISBLANK('Wand Mapping'!$I43)), "IL") -> FALSE | E43: =IF(NOT(ISBLANK('Wand Mapping'!$G43)), "EN") -> EN | F43: =IF(NOT(ISBLANK('Wand Mapping'!$H43)), "NE") -> NE | G43: =IF(NOT(ISBLANK('Wand Mapping'!$B43)), "AB") -> AB | H43: =IF(NOT(ISBLANK('Wand Mapping'!$F43)), "EV") -> EV | I43: =IF(NOT(ISBLANK('Wand Mapping'!$E43)), "TR") -> TR | J43: =IF(NOT(ISBLANK('Wand Mapping'!$C43)), "CO") -> CO | K43: =IF(B43=FALSE, IF(C43=FALSE, IF(D43=FALSE, IF(E43=FALSE, "RAND", E43), D43), C43), B43) -> DI | L43: =IF(K43="RAND", OFFSET(F43, 0, MOD(RAND(), 3)), K43) -> DI | M43: =IF(L43=FALSE, ,L43) -> DI | N43: =_xlfn.CONCAT(A43, "-", M43, ".BAM") -> wand_ai_410-DI.BAM
A44: ='Wand Mapping'!K44 -> wand_ai_420 | B44: =IF(NOT(ISBLANK('Wand Mapping'!$J44)), "WM") -> FALSE | C44: =IF(NOT(ISBLANK('Wand Mapping'!$D44)), "DI") -> FALSE | D44: =IF(NOT(ISBLANK('Wand Mapping'!$I44)), "IL") -> FALSE | E44: =IF(NOT(ISBLANK('Wand Mapping'!$G44)), "EN") -> EN | F44: =IF(NOT(ISBLANK('Wand Mapping'!$H44)), "NE") -> NE | G44: =IF(NOT(ISBLANK('Wand Mapping'!$B44)), "AB") -> AB | H44: =IF(NOT(ISBLANK('Wand Mapping'!$F44)), "EV") -> EV | I44: =IF(NOT(ISBLANK('Wand Mapping'!$E44)), "TR") -> TR | J44: =IF(NOT(ISBLANK('Wand Mapping'!$C44)), "CO") -> CO | K44: =IF(B44=FALSE, IF(C44=FALSE, IF(D44=FALSE, IF(E44=FALSE, "RAND", E44), D44), C44), B44) -> EN | L44: =IF(K44="RAND", OFFSET(F44, 0, MOD(RAND(), 3)), K44) -> EN | M44: =IF(L44=FALSE, ,L44) -> EN | N44: =_xlfn.CONCAT(A44, "-", M44, ".BAM") -> wand_ai_420-EN.BAM
A45: ='Wand Mapping'!K45 -> wand_ai_430 | B45: =IF(NOT(ISBLANK('Wand Mapping'!$J45)), "WM") -> FALSE | C45: =IF(NOT(ISBLANK('Wand Mapping'!$D45)), "DI") -> DI | D45: =IF(NOT(ISBLANK('Wand Mapping'!$I45)), "IL") -> IL | E45: =IF(NOT(ISBLANK('Wand Mapping'!$G45)), "EN") -> EN | F45: =IF(NOT(ISBLANK('Wand Mapping'!$H45)), "NE") -> NE | G45: =IF(NOT(ISBLANK('Wand Mapping'!$B45)), "AB") -> AB | H45: =IF(NOT(ISBLANK('Wand Mapping'!$F45)), "EV") -> EV | I45: =IF(NOT(ISBLANK('Wand Mapping'!$E45)), "TR") -> TR | J45: =IF(NOT(ISBLANK('Wand Mapping'!$C45)), "CO") -> CO | K45: =IF(B45=FALSE, IF(C45=FALSE, IF(D45=FALSE, IF(E45=FALSE, "RAND", E45), D45), C45), B45) -> DI | L45: =IF(K45="RAND", OFFSET(F45, 0, MOD(RAND(), 3)), K45) -> DI | M45: =IF(L45=FALSE, ,L45) -> DI | N45: =_xlfn.CONCAT(A45, "-", M45, ".BAM") -> wand_ai_430-DI.BAM
A46: ='Wand Mapping'!K46 -> wand_ai_440 | B46: =IF(NOT(ISBLANK('Wand Mapping'!$J46)), "WM") -> FALSE | C46: =IF(NOT(ISBLANK('Wand Mapping'!$D46)), "DI") -> FALSE | D46: =IF(NOT(ISBLANK('Wand Mapping'!$I46)), "IL") -> FALSE | E46: =IF(NOT(ISBLANK('Wand Mapping'!$G46)), "EN") -> FALSE | F46: =IF(NOT(ISBLANK('Wand Mapping'!$H46)), "NE") -> NE | G46: =IF(NOT(ISBLANK('Wand Mapping'!$B46)), "AB") -> AB | H46: =IF(NOT(ISBLANK('Wand Mapping'!$F46)), "EV") -> EV | I46: =IF(NOT(ISBLANK('Wand Mapping'!$E46)), "TR") -> TR | J46: =IF(NOT(ISBLANK('Wand Mapping'!$C46)), "CO") -> CO | K46: =IF(B46=FALSE, IF(C46=FALSE, IF(D46=FALSE, IF(E46=FALSE, "RAND", E46), D46), C46), B46) -> RAND | L46: =IF(K46="RAND", OFFSET(F46, 0, MOD(RAND(), 3)), K46) -> NE | M46: =IF(L46=FALSE, ,L46) -> NE | N46: =_xlfn.CONCAT(A46, "-", M46, ".BAM") -> wand_ai_440-NE.BAM
A47: ='Wand Mapping'!K47 -> wand_ai_450 | B47: =IF(NOT(ISBLANK('Wand Mapping'!$J47)), "WM") -> FALSE | C47: =IF(NOT(ISBLANK('Wand Mapping'!$D47)), "DI") -> DI | D47: =IF(NOT(ISBLANK('Wand Mapping'!$I47)), "IL") -> IL | E47: =IF(NOT(ISBLANK('Wand Mapping'!$G47)), "EN") -> EN | F47: =IF(NOT(ISBLANK('Wand Mapping'!$H47)), "NE") -> NE | G47: =IF(NOT(ISBLANK('Wand Mapping'!$B47)), "AB") -> FALSE | H47: =IF(NOT(ISBLANK('Wand Mapping'!$F47)), "EV") -> EV | I47: =IF(NOT(ISBLANK('Wand Mapping'!$E47)), "TR") -> TR | J47: =IF(NOT(ISBLANK('Wand Mapping'!$C47)), "CO") -> CO | K47: =IF(B47=FALSE, IF(C47=FALSE, IF(D47=FALSE, IF(E47=FALSE, "RAND", E47), D47), C47), B47) -> DI | L47: =IF(K47="RAND", OFFSET(F47, 0, MOD(RAND(), 3)), K47) -> DI | M47: =IF(L47=FALSE, ,L47) -> DI | N47: =_xlfn.CONCAT(A47, "-", M47, ".BAM") -> wand_ai_450-DI.BAM
A48: ='Wand Mapping'!K48 -> wand_ai_460 | B48: =IF(NOT(ISBLANK('Wand Mapping'!$J48)), "WM") -> FALSE | C48: =IF(NOT(ISBLANK('Wand Mapping'!$D48)), "DI") -> FALSE | D48: =IF(NOT(ISBLANK('Wand Mapping'!$I48)), "IL") -> IL | E48: =IF(NOT(ISBLANK('Wand Mapping'!$G48)), "EN") -> FALSE | F48: =IF(NOT(ISBLANK('Wand Mapping'!$H48)), "NE") -> NE | G48: =IF(NOT(ISBLANK('Wand Mapping'!$B48)), "AB") -> AB | H48: =IF(NOT(ISBLANK('Wand Mapping'!$F48)), "EV") -> EV | I48: =IF(NOT(ISBLANK('Wand Mapping'!$E48)), "TR") -> TR | J48: =IF(NOT(ISBLANK('Wand Mapping'!$C48)), "CO") -> CO | K48: =IF(B48=FALSE, IF(C48=FALSE, IF(D48=FALSE, IF(E48=FALSE, "RAND", E48), D48), C48), B48) -> IL | L48: =IF(K48="RAND", OFFSET(F48, 0, MOD(RAND(), 3)), K48) -> IL | M48: =IF(L48=FALSE, ,L48) -> IL | N48: =_xlfn.CONCAT(A48, "-", M48, ".BAM") -> wand_ai_460-IL.BAM
A49: ='Wand Mapping'!K49 -> wand_ai_470 | B49: =IF(NOT(ISBLANK('Wand Mapping'!$J49)), "WM") -> FALSE | C49: =IF(NOT(ISBLANK('Wand Mapping'!$D49)), "DI") -> FALSE | D49: =IF(NOT(ISBLANK('Wand Mapping'!$I49)), "IL") -> IL | E49: =IF(NOT(ISBLANK('Wand Mapping'!$G49)), "EN") -> FALSE | F49: =IF(NOT(ISBLANK('Wand Mapping'!$H49)), "NE") -> NE | G49: =IF(NOT(ISBLANK('Wand Mapping'!$B49)), "AB") -> AB | H49: =IF(NOT(ISBLANK('Wand Mapping'!$F49)), "EV") -> EV | I49: =IF(NOT(ISBLANK('Wand Mapping'!$E49)), "TR") -> TR | J49: =IF(NOT(ISBLANK('Wand Mapping'!$C49)), "CO") -> CO | K49: =IF(B49=FALSE, IF(C49=FALSE, IF(D49=FALSE, IF(E49=FALSE, "RAND", E49), D49), C49), B49) -> IL | L49: =IF(K49="RAND", OFFSET(F49, 0, MOD(RAND(), 3)), K49) -> IL | M49: =IF(L49=FALSE, ,L49) -> IL | N49: =_xlfn.CONCAT(A49, "-", M49, ".BAM") -> wand_ai_470-IL.BAM
A50: ='Wand Mapping'!K50 -> wand_ai_480 | B50: =IF(NOT(ISBLANK('Wand Mapping'!$J50)), "WM") -> FALSE | C50: =IF(NOT(ISBLANK('Wand Mapping'!$D50)), "DI") -> FALSE | D50: =IF(NOT(ISBLANK('Wand Mapping'!$I50)), "IL") -> FALSE | E50: =IF(NOT(ISBLANK('Wand Mapping'!$G50)), "EN") -> FALSE | F50: =IF(NOT(ISBLANK('Wand Mapping'!$H50)), "NE") -> NE | G50: =IF(NOT(ISBLANK('Wand Mapping'!$B50)), "AB") -> AB | H50: =IF(NOT(ISBLANK('Wand Mapping'!$F50)), "EV") -> EV | I50: =IF(NOT(ISBLANK('Wand Mapping'!$E50)), "TR") -> TR | J50: =IF(NOT(ISBLANK('Wand Mapping'!$C50)), "CO") -> CO | K50: =IF(B50=FALSE, IF(C50=FALSE, IF(D50=FALSE, IF(E50=FALSE, "RAND", E50), D50), C50), B50) -> RAND | L50: =IF(K50="RAND", OFFSET(F50, 0, MOD(RAND(), 3)), K50) -> NE | M50: =IF(L50=FALSE, ,L50) -> NE | N50: =_xlfn.CONCAT(A50, "-", M50, ".BAM") -> wand_ai_480-NE.BAM
... A74: ='Wand Mapping'!K74 -> wand_ai_720 | B74: =IF(NOT(ISBLANK('Wand Mapping'!$J74)), "WM") -> FALSE | C74: =IF(NOT(ISBLANK('Wand Mapping'!$D74)), "DI") -> FALSE | D74: =IF(NOT(ISBLANK('Wand Mapping'!$I74)), "IL") -> FALSE | E74: =IF(NOT(ISBLANK('Wand Mapping'!$G74)), "EN") -> EN | F74: =IF(NOT(ISBLANK('Wand Mapping'!$H74)), "NE") -> NE | G74: =IF(NOT(ISBLANK('Wand Mapping'!$B74)), "AB") -> FALSE | H74: =IF(NOT(ISBLANK('Wand Mapping'!$F74)), "EV") -> EV | I74: =IF(NOT(ISBLANK('Wand Mapping'!$E74)), "TR") -> TR | J74: =IF(NOT(ISBLANK('Wand Mapping'!$C74)), "CO") -> CO | K74: =IF(B74=FALSE, IF(C74=FALSE, IF(D74=FALSE, IF(E74=FALSE, "RAND", E74), D74), C74), B74) -> EN | L74: =IF(K74="RAND", OFFSET(F74, 0, MOD(RAND(), 3)), K74) -> EN | M74: =IF(L74=FALSE, ,L74) -> EN | N74: =_xlfn.CONCAT(A74, "-", M74, ".BAM") -> wand_ai_720-EN.BAM
A75: ='Wand Mapping'!K75 -> wand_ai_730 | B75: =IF(NOT(ISBLANK('Wand Mapping'!$J75)), "WM") -> FALSE | C75: =IF(NOT(ISBLANK('Wand Mapping'!$D75)), "DI") -> FALSE | D75: =IF(NOT(ISBLANK('Wand Mapping'!$I75)), "IL") -> FALSE | E75: =IF(NOT(ISBLANK('Wand Mapping'!$G75)), "EN") -> FALSE | F75: =IF(NOT(ISBLANK('Wand Mapping'!$H75)), "NE") -> FALSE | G75: =IF(NOT(ISBLANK('Wand Mapping'!$B75)), "AB") -> AB | H75: =IF(NOT(ISBLANK('Wand Mapping'!$F75)), "EV") -> EV | I75: =IF(NOT(ISBLANK('Wand Mapping'!$E75)), "TR") -> TR | J75: =IF(NOT(ISBLANK('Wand Mapping'!$C75)), "CO") -> CO | K75: =IF(B75=FALSE, IF(C75=FALSE, IF(D75=FALSE, IF(E75=FALSE, "RAND", E75), D75), C75), B75) -> RAND | L75: =IF(K75="RAND", OFFSET(F75, 0, MOD(RAND(), 3)), K75) -> FALSE | M75: AB | N75: =_xlfn.CONCAT(A75, "-", M75, ".BAM") -> wand_ai_730-AB.BAM
A76: ='Wand Mapping'!K76 -> wand_ai_740 | B76: =IF(NOT(ISBLANK('Wand Mapping'!$J76)), "WM") -> FALSE | C76: =IF(NOT(ISBLANK('Wand Mapping'!$D76)), "DI") -> FALSE | D76: =IF(NOT(ISBLANK('Wand Mapping'!$I76)), "IL") -> FALSE | E76: =IF(NOT(ISBLANK('Wand Mapping'!$G76)), "EN") -> EN | F76: =IF(NOT(ISBLANK('Wand Mapping'!$H76)), "NE") -> NE | G76: =IF(NOT(ISBLANK('Wand Mapping'!$B76)), "AB") -> AB | H76: =IF(NOT(ISBLANK('Wand Mapping'!$F76)), "EV") -> EV | I76: =IF(NOT(ISBLANK('Wand Mapping'!$E76)), "TR") -> TR | J76: =IF(NOT(ISBLANK('Wand Mapping'!$C76)), "CO") -> CO | K76: =IF(B76=FALSE, IF(C76=FALSE, IF(D76=FALSE, IF(E76=FALSE, "RAND", E76), D76), C76), B76) -> EN | L76: =IF(K76="RAND", OFFSET(F76, 0, MOD(RAND(), 3)), K76) -> EN | M76: =IF(L76=FALSE, ,L76) -> EN | N76: =_xlfn.CONCAT(A76, "-", M76, ".BAM") -> wand_ai_740-EN.BAM
A77: ='Wand Mapping'!K77 -> wand_ai_750 | B77: =IF(NOT(ISBLANK('Wand Mapping'!$J77)), "WM") -> FALSE | C77: =IF(NOT(ISBLANK('Wand Mapping'!$D77)), "DI") -> DI | D77: =IF(NOT(ISBLANK('Wand Mapping'!$I77)), "IL") -> IL | E77: =IF(NOT(ISBLANK('Wand Mapping'!$G77)), "EN") -> EN | F77: =IF(NOT(ISBLANK('Wand Mapping'!$H77)), "NE") -> NE | G77: =IF(NOT(ISBLANK('Wand Mapping'!$B77)), "AB") -> AB | H77: =IF(NOT(ISBLANK('Wand Mapping'!$F77)), "EV") -> EV | I77: =IF(NOT(ISBLANK('Wand Mapping'!$E77)), "TR") -> FALSE | J77: =IF(NOT(ISBLANK('Wand Mapping'!$C77)), "CO") -> CO | K77: =IF(B77=FALSE, IF(C77=FALSE, IF(D77=FALSE, IF(E77=FALSE, "RAND", E77), D77), C77), B77) -> DI | L77: =IF(K77="RAND", OFFSET(F77, 0, MOD(RAND(), 3)), K77) -> DI | M77: =IF(L77=FALSE, ,L77) -> DI | N77: =_xlfn.CONCAT(A77, "-", M77, ".BAM") -> wand_ai_750-DI.BAM
A78: ='Wand Mapping'!K78 -> wand_ai_760 | B78: =IF(NOT(ISBLANK('Wand Mapping'!$J78)), "WM") -> FALSE | C78: =IF(NOT(ISBLANK('Wand Mapping'!$D78)), "DI") -> FALSE | D78: =IF(NOT(ISBLANK('Wand Mapping'!$I78)), "IL") -> FALSE | E78: =IF(NOT(ISBLANK('Wand Mapping'!$G78)), "EN") -> EN | F78: =IF(NOT(ISBLANK('Wand Mapping'!$H78)), "NE") -> NE | G78: =IF(NOT(ISBLANK('Wand Mapping'!$B78)), "AB") -> AB | H78: =IF(NOT(ISBLANK('Wand Mapping'!$F78)), "EV") -> EV | I78: =IF(NOT(ISBLANK('Wand Mapping'!$E78)), "TR") -> TR | J78: =IF(NOT(ISBLANK('Wand Mapping'!$C78)), "CO") -> CO | K78: =IF(B78=FALSE, IF(C78=FALSE, IF(D78=FALSE, IF(E78=FALSE, "RAND", E78), D78), C78), B78) -> EN | L78: =IF(K78="RAND", OFFSET(F78, 0, MOD(RAND(), 3)), K78) -> EN | M78: =IF(L78=FALSE, ,L78) -> EN | N78: =_xlfn.CONCAT(A78, "-", M78, ".BAM") -> wand_ai_760-EN.BAM
A79: ='Wand Mapping'!K79 -> wand_ai_770 | B79: =IF(NOT(ISBLANK('Wand Mapping'!$J79)), "WM") -> FALSE | C79: =IF(NOT(ISBLANK('Wand Mapping'!$D79)), "DI") -> FALSE | D79: =IF(NOT(ISBLANK('Wand Mapping'!$I79)), "IL") -> FALSE | E79: =IF(NOT(ISBLANK('Wand Mapping'!$G79)), "EN") -> EN | F79: =IF(NOT(ISBLANK('Wand Mapping'!$H79)), "NE") -> FALSE | G79: =IF(NOT(ISBLANK('Wand Mapping'!$B79)), "AB") -> AB | H79: =IF(NOT(ISBLANK('Wand Mapping'!$F79)), "EV") -> EV | I79: =IF(NOT(ISBLANK('Wand Mapping'!$E79)), "TR") -> TR | J79: =IF(NOT(ISBLANK('Wand Mapping'!$C79)), "CO") -> CO | K79: =IF(B79=FALSE, IF(C79=FALSE, IF(D79=FALSE, IF(E79=FALSE, "RAND", E79), D79), C79), B79) -> EN | L79: =IF(K79="RAND", OFFSET(F79, 0, MOD(RAND(), 3)), K79) -> EN | M79: =IF(L79=FALSE, ,L79) -> EN | N79: =_xlfn.CONCAT(A79, "-", M79, ".BAM") -> wand_ai_770-EN.BAM
A80: ='Wand Mapping'!K80 -> wand_ai_780 | B80: =IF(NOT(ISBLANK('Wand Mapping'!$J80)), "WM") -> FALSE | C80: =IF(NOT(ISBLANK('Wand Mapping'!$D80)), "DI") -> FALSE | D80: =IF(NOT(ISBLANK('Wand Mapping'!$I80)), "IL") -> IL | E80: =IF(NOT(ISBLANK('Wand Mapping'!$G80)), "EN") -> EN | F80: =IF(NOT(ISBLANK('Wand Mapping'!$H80)), "NE") -> NE | G80: =IF(NOT(ISBLANK('Wand Mapping'!$B80)), "AB") -> AB | H80: =IF(NOT(ISBLANK('Wand Mapping'!$F80)), "EV") -> EV | I80: =IF(NOT(ISBLANK('Wand Mapping'!$E80)), "TR") -> TR | J80: =IF(NOT(ISBLANK('Wand Mapping'!$C80)), "CO") -> CO | K80: =IF(B80=FALSE, IF(C80=FALSE, IF(D80=FALSE, IF(E80=FALSE, "RAND", E80), D80), C80), B80) -> IL | L80: =IF(K80="RAND", OFFSET(F80, 0, MOD(RAND(), 3)), K80) -> IL | M80: =IF(L80=FALSE, ,L80) -> IL | N80: =_xlfn.CONCAT(A80, "-", M80, ".BAM") -> wand_ai_780-IL.BAM
A81: ='Wand Mapping'!K81 -> wand_ai_790 | B81: =IF(NOT(ISBLANK('Wand Mapping'!$J81)), "WM") -> FALSE | C81: =IF(NOT(ISBLANK('Wand Mapping'!$D81)), "DI") -> FALSE | D81: =IF(NOT(ISBLANK('Wand Mapping'!$I81)), "IL") -> IL | E81: =IF(NOT(ISBLANK('Wand Mapping'!$G81)), "EN") -> EN | F81: =IF(NOT(ISBLANK('Wand Mapping'!$H81)), "NE") -> NE | G81: =IF(NOT(ISBLANK('Wand Mapping'!$B81)), "AB") -> AB | H81: =IF(NOT(ISBLANK('Wand Mapping'!$F81)), "EV") -> EV | I81: =IF(NOT(ISBLANK('Wand Mapping'!$E81)), "TR") -> TR | J81: =IF(NOT(ISBLANK('Wand Mapping'!$C81)), "CO") -> CO | K81: =IF(B81=FALSE, IF(C81=FALSE, IF(D81=FALSE, IF(E81=FALSE, "RAND", E81), D81), C81), B81) -> IL | L81: =IF(K81="RAND", OFFSET(F81, 0, MOD(RAND(), 3)), K81) -> IL | M81: =IF(L81=FALSE, ,L81) -> IL | N81: =_xlfn.CONCAT(A81, "-", M81, ".BAM") -> wand_ai_790-IL.BAM
A82: ='Wand Mapping'!K82 -> wand_ai_800 | B82: =IF(NOT(ISBLANK('Wand Mapping'!$J82)), "WM") -> FALSE | C82: =IF(NOT(ISBLANK('Wand Mapping'!$D82)), "DI") -> FALSE | D82: =IF(NOT(ISBLANK('Wand Mapping'!$I82)), "IL") -> FALSE | E82: =IF(NOT(ISBLANK('Wand Mapping'!$G82)), "EN") -> EN | F82: =IF(NOT(ISBLANK('Wand Mapping'!$H82)), "NE") -> FALSE | G82: =IF(NOT(ISBLANK('Wand Mapping'!$B82)), "AB") -> AB | H82: =IF(NOT(ISBLANK('Wand Mapping'!$F82)), "EV") -> EV | I82: =IF(NOT(ISBLANK('Wand Mapping'!$E82)), "TR") -> TR | J82: =IF(NOT(ISBLANK('Wand Mapping'!$C82)), "CO") -> CO | K82: =IF(B82=FALSE, IF(C82=FALSE, IF(D82=FALSE, IF(E82=FALSE, "RAND", E82), D82), C82), B82) -> EN | L82: =IF(K82="RAND", OFFSET(F82, 0, MOD(RAND(), 3)), K82) -> EN | M82: =IF(L82=FALSE, ,L82) -> EN | N82: =_xlfn.CONCAT(A82, "-", M82, ".BAM") -> wand_ai_800-EN.BAM
A83: ='Wand Mapping'!K83 -> wand_ai_810 | B83: =IF(NOT(ISBLANK('Wand Mapping'!$J83)), "WM") -> FALSE | C83: =IF(NOT(ISBLANK('Wand Mapping'!$D83)), "DI") -> DI | D83: =IF(NOT(ISBLANK('Wand Mapping'!$I83)), "IL") -> FALSE | E83: =IF(NOT(ISBLANK('Wand Mapping'!$G83)), "EN") -> EN | F83: =IF(NOT(ISBLANK('Wand Mapping'!$H83)), "NE") -> NE | G83: =IF(NOT(ISBLANK('Wand Mapping'!$B83)), "AB") -> AB | H83: =IF(NOT(ISBLANK('Wand Mapping'!$F83)), "EV") -> EV | I83: =IF(NOT(ISBLANK('Wand Mapping'!$E83)), "TR") -> TR | J83: =IF(NOT(ISBLANK('Wand Mapping'!$C83)), "CO") -> CO | K83: =IF(B83=FALSE, IF(C83=FALSE, IF(D83=FALSE, IF(E83=FALSE, "RAND", E83), D83), C83), B83) -> DI | L83: =IF(K83="RAND", OFFSET(F83, 0, MOD(RAND(), 3)), K83) -> DI | M83: =IF(L83=FALSE, ,L83) -> DI | N83: =_xlfn.CONCAT(A83, "-", M83, ".BAM") -> wand_ai_810-DI.BAM
A84: ='Wand Mapping'!K84 -> wand_ai_820 | B84: =IF(NOT(ISBLANK('Wand Mapping'!$J84)), "WM") -> WM | C84: =IF(NOT(ISBLANK('Wand Mapping'!$D84)), "DI") -> FALSE | D84: =IF(NOT(ISBLANK('Wand Mapping'!$I84)), "IL") -> IL | E84: =IF(NOT(ISBLANK('Wand Mapping'!$G84)), "EN") -> EN | F84: =IF(NOT(ISBLANK('Wand Mapping'!$H84)), "NE") -> NE | G84: =IF(NOT(ISBLANK('Wand Mapping'!$B84)), "AB") -> AB | H84: =IF(NOT(ISBLANK('Wand Mapping'!$F84)), "EV") -> EV | I84: =IF(NOT(ISBLANK('Wand Mapping'!$E84)), "TR") -> TR | J84: =IF(NOT(ISBLANK('Wand Mapping'!$C84)), "CO") -> CO | K84: =IF(B84=FALSE, IF(C84=FALSE, IF(D84=FALSE, IF(E84=FALSE, "RAND", E84), D84), C84), B84) -> WM | L84: =IF(K84="RAND", OFFSET(F84, 0, MOD(RAND(), 3)), K84) -> WM | M84: =IF(L84=FALSE, ,L84) -> WM | N84: =_xlfn.CONCAT(A84, "-", M84, ".BAM") -> wand_ai_820-WM.BAM
A85: ='Wand Mapping'!K85 -> wand_ai_830 | B85: =IF(NOT(ISBLANK('Wand Mapping'!$J85)), "WM") -> FALSE | C85: =IF(NOT(ISBLANK('Wand Mapping'!$D85)), "DI") -> FALSE | D85: =IF(NOT(ISBLANK('Wand Mapping'!$I85)), "IL") -> FALSE | E85: =IF(NOT(ISBLANK('Wand Mapping'!$G85)), "EN") -> EN | F85: =IF(NOT(ISBLANK('Wand Mapping'!$H85)), "NE") -> NE | G85: =IF(NOT(ISBLANK('Wand Mapping'!$B85)), "AB") -> AB | H85: =IF(NOT(ISBLANK('Wand Mapping'!$F85)), "EV") -> EV | I85: =IF(NOT(ISBLANK('Wand Mapping'!$E85)), "TR") -> TR | J85: =IF(NOT(ISBLANK('Wand Mapping'!$C85)), "CO") -> CO | K85: =IF(B85=FALSE, IF(C85=FALSE, IF(D85=FALSE, IF(E85=FALSE, "RAND", E85), D85), C85), B85) -> EN | L85: =IF(K85="RAND", OFFSET(F85, 0, MOD(RAND(), 3)), K85) -> EN | M85: =IF(L85=FALSE, ,L85) -> EN | N85: =_xlfn.CONCAT(A85, "-", M85, ".BAM") -> wand_ai_830-EN.BAM
A86: ='Wand Mapping'!K86 -> wand_ai_840 | B86: =IF(NOT(ISBLANK('Wand Mapping'!$J86)), "WM") -> FALSE | C86: =IF(NOT(ISBLANK('Wand Mapping'!$D86)), "DI") -> FALSE | D86: =IF(NOT(ISBLANK('Wand Mapping'!$I86)), "IL") -> FALSE | E86: =IF(NOT(ISBLANK('Wand Mapping'!$G86)), "EN") -> FALSE | F86: =IF(NOT(ISBLANK('Wand Mapping'!$H86)), "NE") -> FALSE | G86: =IF(NOT(ISBLANK('Wand Mapping'!$B86)), "AB") -> AB | H86: =IF(NOT(ISBLANK('Wand Mapping'!$F86)), "EV") -> EV | I86: =IF(NOT(ISBLANK('Wand Mapping'!$E86)), "TR") -> TR | J86: =IF(NOT(ISBLANK('Wand Mapping'!$C86)), "CO") -> CO | K86: =IF(B86=FALSE, IF(C86=FALSE, IF(D86=FALSE, IF(E86=FALSE, "RAND", E86), D86), C86), B86) -> RAND | L86: =IF(K86="RAND", OFFSET(F86, 0, MOD(RAND(), 3)), K86) -> FALSE | M86: EV | N86: =_xlfn.CONCAT(A86, "-", M86, ".BAM") -> wand_ai_840-EV.BAM
A87: ='Wand Mapping'!K87 -> wand_ai_850 | B87: =IF(NOT(ISBLANK('Wand Mapping'!$J87)), "WM") -> FALSE | C87: =IF(NOT(ISBLANK('Wand Mapping'!$D87)), "DI") -> FALSE | D87: =IF(NOT(ISBLANK('Wand Mapping'!$I87)), "IL") -> IL | E87: =IF(NOT(ISBLANK('Wand Mapping'!$G87)), "EN") -> EN | F87: =IF(NOT(ISBLANK('Wand Mapping'!$H87)), "NE") -> NE | G87: =IF(NOT(ISBLANK('Wand Mapping'!$B87)), "AB") -> AB | H87: =IF(NOT(ISBLANK('Wand Mapping'!$F87)), "EV") -> EV | I87: =IF(NOT(ISBLANK('Wand Mapping'!$E87)), "TR") -> TR | J87: =IF(NOT(ISBLANK('Wand Mapping'!$C87)), "CO") -> CO | K87: =IF(B87=FALSE, IF(C87=FALSE, IF(D87=FALSE, IF(E87=FALSE, "RAND", E87), D87), C87), B87) -> IL | L87: =IF(K87="RAND", OFFSET(F87, 0, MOD(RAND(), 3)), K87) -> IL | M87: =IF(L87=FALSE, ,L87) -> IL | N87: =_xlfn.CONCAT(A87, "-", M87, ".BAM") -> wand_ai_850-IL.BAM
A88: ='Wand Mapping'!K88 -> wand_ai_860 | B88: =IF(NOT(ISBLANK('Wand Mapping'!$J88)), "WM") -> FALSE | C88: =IF(NOT(ISBLANK('Wand Mapping'!$D88)), "DI") -> FALSE | D88: =IF(NOT(ISBLANK('Wand Mapping'!$I88)), "IL") -> FALSE | E88: =IF(NOT(ISBLANK('Wand Mapping'!$G88)), "EN") -> EN | F88: =IF(NOT(ISBLANK('Wand Mapping'!$H88)), "NE") -> FALSE | G88: =IF(NOT(ISBLANK('Wand Mapping'!$B88)), "AB") -> AB | H88: =IF(NOT(ISBLANK('Wand Mapping'!$F88)), "EV") -> EV | I88: =IF(NOT(ISBLANK('Wand Mapping'!$E88)), "TR") -> TR | J88: =IF(NOT(ISBLANK('Wand Mapping'!$C88)), "CO") -> CO | K88: =IF(B88=FALSE, IF(C88=FALSE, IF(D88=FALSE, IF(E88=FALSE, "RAND", E88), D88), C88), B88) -> EN | L88: =IF(K88="RAND", OFFSET(F88, 0, MOD(RAND(), 3)), K88) -> EN | M88: =IF(L88=FALSE, ,L88) -> EN | N88: =_xlfn.CONCAT(A88, "-", M88, ".BAM") -> wand_ai_860-EN.BAM
A89: ='Wand Mapping'!K89 -> wand_ai_870 | B89: =IF(NOT(ISBLANK('Wand Mapping'!$J89)), "WM") -> FALSE | C89: =IF(NOT(ISBLANK('Wand Mapping'!$D89)), "DI") -> FALSE | D89: =IF(NOT(ISBLANK('Wand Mapping'!$I89)), "IL") -> FALSE | E89: =IF(NOT(ISBLANK('Wand Mapping'!$G89)), "EN") -> EN | F89: =IF(NOT(ISBLANK('Wand Mapping'!$H89)), "NE") -> FALSE | G89: =IF(NOT(ISBLANK('Wand Mapping'!$B89)), "AB") -> AB | H89: =IF(NOT(ISBLANK('Wand Mapping'!$F89)), "EV") -> EV | I89: =IF(NOT(ISBLANK('Wand Mapping'!$E89)), "TR") -> TR | J89: =IF(NOT(ISBLANK('Wand Mapping'!$C89)), "CO") -> CO | K89: =IF(B89=FALSE, IF(C89=FALSE, IF(D89=FALSE, IF(E89=FALSE, "RAND", E89), D89), C89), B89) -> EN | L89: =IF(K89="RAND", OFFSET(F89, 0, MOD(RAND(), 3)), K89) -> EN | M89: =IF(L89=FALSE, ,L89) -> EN | N89: =_xlfn.CONCAT(A89, "-", M89, ".BAM") -> wand_ai_870-EN.BAM
A90: ='Wand Mapping'!K90 -> wand_ai_880 | B90: =IF(NOT(ISBLANK('Wand Mapping'!$J90)), "WM") -> FALSE | C90: =IF(NOT(ISBLANK('Wand Mapping'!$D90)), "DI") -> FALSE | D90: =IF(NOT(ISBLANK('Wand Mapping'!$I90)), "IL") -> FALSE | E90: =IF(NOT(ISBLANK('Wand Mapping'!$G90)), "EN") -> FALSE | F90: =IF(NOT(ISBLANK('Wand Mapping'!$H90)), "NE") -> FALSE | G90: =IF(NOT(ISBLANK('Wand Mapping'!$B90)), "AB") -> AB | H90: =IF(NOT(ISBLANK('Wand Mapping'!$F90)), "EV") -> FALSE | I90: =IF(NOT(ISBLANK('Wand Mapping'!$E90)), "TR") -> TR | J90: =IF(NOT(ISBLANK('Wand Mapping'!$C90)), "CO") -> CO | K90: =IF(B90=FALSE, IF(C90=FALSE, IF(D90=FALSE, IF(E90=FALSE, "RAND", E90), D90), C90), B90) -> RAND | L90: =IF(K90="RAND", OFFSET(F90, 0, MOD(RAND(), 3)), K90) -> FALSE | M90: AB | N90: =_xlfn.CONCAT(A90, "-", M90, ".BAM") -> wand_ai_880-AB.BAM
A91: ='Wand Mapping'!K91 -> wand_ai_890 | B91: =IF(NOT(ISBLANK('Wand Mapping'!$J91)), "WM") -> FALSE | C91: =IF(NOT(ISBLANK('Wand Mapping'!$D91)), "DI") -> FALSE | D91: =IF(NOT(ISBLANK('Wand Mapping'!$I91)), "IL") -> IL | E91: =IF(NOT(ISBLANK('Wand Mapping'!$G91)), "EN") -> EN | F91: =IF(NOT(ISBLANK('Wand Mapping'!$H91)), "NE") -> FALSE | G91: =IF(NOT(ISBLANK('Wand Mapping'!$B91)), "AB") -> AB | H91: =IF(NOT(ISBLANK('Wand Mapping'!$F91)), "EV") -> EV | I91: =IF(NOT(ISBLANK('Wand Mapping'!$E91)), "TR") -> TR | J91: =IF(NOT(ISBLANK('Wand Mapping'!$C91)), "CO") -> CO | K91: =IF(B91=FALSE, IF(C91=FALSE, IF(D91=FALSE, IF(E91=FALSE, "RAND", E91), D91), C91), B91) -> IL | L91: =IF(K91="RAND", OFFSET(F91, 0, MOD(RAND(), 3)), K91) -> IL | M91: =IF(L91=FALSE, ,L91) -> IL | N91: =_xlfn.CONCAT(A91, "-", M91, ".BAM") -> wand_ai_890-IL.BAM
A92: ='Wand Mapping'!K92 -> wand_ai_900 | B92: =IF(NOT(ISBLANK('Wand Mapping'!$J92)), "WM") -> FALSE | C92: =IF(NOT(ISBLANK('Wand Mapping'!$D92)), "DI") -> FALSE | D92: =IF(NOT(ISBLANK('Wand Mapping'!$I92)), "IL") -> IL | E92: =IF(NOT(ISBLANK('Wand Mapping'!$G92)), "EN") -> EN | F92: =IF(NOT(ISBLANK('Wand Mapping'!$H92)), "NE") -> NE | G92: =IF(NOT(ISBLANK('Wand Mapping'!$B92)), "AB") -> AB | H92: =IF(NOT(ISBLANK('Wand Mapping'!$F92)), "EV") -> EV | I92: =IF(NOT(ISBLANK('Wand Mapping'!$E92)), "TR") -> TR | J92: =IF(NOT(ISBLANK('Wand Mapping'!$C92)), "CO") -> CO | K92: =IF(B92=FALSE, IF(C92=FALSE, IF(D92=FALSE, IF(E92=FALSE, "RAND", E92), D92), C92), B92) -> IL | L92: =IF(K92="RAND", OFFSET(F92, 0, MOD(RAND(), 3)), K92) -> IL | M92: =IF(L92=FALSE, ,L92) -> IL | N92: =_xlfn.CONCAT(A92, "-", M92, ".BAM") -> wand_ai_900-IL.BAM
A93: ='Wand Mapping'!K93 -> wand_ai_910 | B93: =IF(NOT(ISBLANK('Wand Mapping'!$J93)), "WM") -> FALSE | C93: =IF(NOT(ISBLANK('Wand Mapping'!$D93)), "DI") -> FALSE | D93: =IF(NOT(ISBLANK('Wand Mapping'!$I93)), "IL") -> FALSE | E93: =IF(NOT(ISBLANK('Wand Mapping'!$G93)), "EN") -> EN | F93: =IF(NOT(ISBLANK('Wand Mapping'!$H93)), "NE") -> FALSE | G93: =IF(NOT(ISBLANK('Wand Mapping'!$B93)), "AB") -> AB | H93: =IF(NOT(ISBLANK('Wand Mapping'!$F93)), "EV") -> EV | I93: =IF(NOT(ISBLANK('Wand Mapping'!$E93)), "TR") -> TR | J93: =IF(NOT(ISBLANK('Wand Mapping'!$C93)), "CO") -> CO | K93: =IF(B93=FALSE, IF(C93=FALSE, IF(D93=FALSE, IF(E93=FALSE, "RAND", E93), D93), C93), B93) -> EN | L93: =IF(K93="RAND", OFFSET(F93, 0, MOD(RAND(), 3)), K93) -> EN | M93: =IF(L93=FALSE, ,L93) -> EN | N93: =_xlfn.CONCAT(A93, "-", M93, ".BAM") -> wand_ai_910-EN.BAM
A94: ='Wand Mapping'!K94 -> wand_ai_920 | B94: =IF(NOT(ISBLANK('Wand Mapping'!$J94)), "WM") -> FALSE | C94: =IF(NOT(ISBLANK('Wand Mapping'!$D94)), "DI") -> FALSE | D94: =IF(NOT(ISBLANK('Wand Mapping'!$I94)), "IL") -> IL | E94: =IF(NOT(ISBLANK('Wand Mapping'!$G94)), "EN") -> EN | F94: =IF(NOT(ISBLANK('Wand Mapping'!$H94)), "NE") -> FALSE | G94: =IF(NOT(ISBLANK('Wand Mapping'!$B94)), "AB") -> AB | H94: =IF(NOT(ISBLANK('Wand Mapping'!$F94)), "EV") -> EV | I94: =IF(NOT(ISBLANK('Wand Mapping'!$E94)), "TR") -> TR | J94: =IF(NOT(ISBLANK('Wand Mapping'!$C94)), "CO") -> CO | K94: =IF(B94=FALSE, IF(C94=FALSE, IF(D94=FALSE, IF(E94=FALSE, "RAND", E94), D94), C94), B94) -> IL | L94: =IF(K94="RAND", OFFSET(F94, 0, MOD(RAND(), 3)), K94) -> IL | M94: =IF(L94=FALSE, ,L94) -> IL | N94: =_xlfn.CONCAT(A94, "-", M94, ".BAM") -> wand_ai_920-IL.BAM
A95: ='Wand Mapping'!K95 -> wand_ai_930 | B95: =IF(NOT(ISBLANK('Wand Mapping'!$J95)), "WM") -> FALSE | C95: =IF(NOT(ISBLANK('Wand Mapping'!$D95)), "DI") -> FALSE | D95: =IF(NOT(ISBLANK('Wand Mapping'!$I95)), "IL") -> FALSE | E95: =IF(NOT(ISBLANK('Wand Mapping'!$G95)), "EN") -> EN | F95: =IF(NOT(ISBLANK('Wand Mapping'!$H95)), "NE") -> NE | G95: =IF(NOT(ISBLANK('Wand Mapping'!$B95)), "AB") -> FALSE | H95: =IF(NOT(ISBLANK('Wand Mapping'!$F95)), "EV") -> EV | I95: =IF(NOT(ISBLANK('Wand Mapping'!$E95)), "TR") -> TR | J95: =IF(NOT(ISBLANK('Wand Mapping'!$C95)), "CO") -> CO | K95: =IF(B95=FALSE, IF(C95=FALSE, IF(D95=FALSE, IF(E95=FALSE, "RAND", E95), D95), C95), B95) -> EN | L95: =IF(K95="RAND", OFFSET(F95, 0, MOD(RAND(), 3)), K95) -> EN | M95: =IF(L95=FALSE, ,L95) -> EN | N95: =_xlfn.CONCAT(A95, "-", M95, ".BAM") -> wand_ai_930-EN.BAM
A96: ='Wand Mapping'!K96 -> wand_ai_940 | B96: =IF(NOT(ISBLANK('Wand Mapping'!$J96)), "WM") -> FALSE | C96: =IF(NOT(ISBLANK('Wand Mapping'!$D96)), "DI") -> FALSE | D96: =IF(NOT(ISBLANK('Wand Mapping'!$I96)), "IL") -> FALSE | E96: =IF(NOT(ISBLANK('Wand Mapping'!$G96)), "EN") -> FALSE | F96: =IF(NOT(ISBLANK('Wand Mapping'!$H96)), "NE") -> FALSE | G96: =IF(NOT(ISBLANK('Wand Mapping'!$B96)), "AB") -> AB | H96: =IF(NOT(ISBLANK('Wand Mapping'!$F96)), "EV") -> EV | I96: =IF(NOT(ISBLANK('Wand Mapping'!$E96)), "TR") -> TR | J96: =IF(NOT(ISBLANK('Wand Mapping'!$C96)), "CO") -> CO | K96: =IF(B96=FALSE, IF(C96=FALSE, IF(D96=FALSE, IF(E96=FALSE, "RAND", E96), D96), C96), B96) -> RAND | L96: =IF(K96="RAND", OFFSET(F96, 0, MOD(RAND(), 3)), K96) -> FALSE | M96: TR | N96: =_xlfn.CONCAT(A96, "-", M96, ".BAM") -> wand_ai_940-TR.BAM
A97: ='Wand Mapping'!K97 -> wand_ai_950 | B97: =IF(NOT(ISBLANK('Wand Mapping'!$J97)), "WM") -> FALSE | C97: =IF(NOT(ISBLANK('Wand Mapping'!$D97)), "DI") -> FALSE | D97: =IF(NOT(ISBLANK('Wand Mapping'!$I97)), "IL") -> FALSE | E97: =IF(NOT(ISBLANK('Wand Mapping'!$G97)), "EN") -> EN | F97: =IF(NOT(ISBLANK('Wand Mapping'!$H97)), "NE") -> FALSE | G97: =IF(NOT(ISBLANK('Wand Mapping'!$B97)), "AB") -> AB | H97: =IF(NOT(ISBLANK('Wand Mapping'!$F97)), "EV") -> EV | I97: =IF(NOT(ISBLANK('Wand Mapping'!$E97)), "TR") -> FALSE | J97: =IF(NOT(ISBLANK('Wand Mapping'!$C97)), "CO") -> CO | K97: =IF(B97=FALSE, IF(C97=FALSE, IF(D97=FALSE, IF(E97=FALSE, "RAND", E97), D97), C97), B97) -> EN | L97: =IF(K97="RAND", OFFSET(F97, 0, MOD(RAND(), 3)), K97) -> EN | M97: =IF(L97=FALSE, ,L97) -> EN | N97: =_xlfn.CONCAT(A97, "-", M97, ".BAM") -> wand_ai_950-EN.BAM
A98: ='Wand Mapping'!K98 -> wand_ai_960 | B98: =IF(NOT(ISBLANK('Wand Mapping'!$J98)), "WM") -> FALSE | C98: =IF(NOT(ISBLANK('Wand Mapping'!$D98)), "DI") -> FALSE | D98: =IF(NOT(ISBLANK('Wand Mapping'!$I98)), "IL") -> FALSE | E98: =IF(NOT(ISBLANK('Wand Mapping'!$G98)), "EN") -> EN | F98: =IF(NOT(ISBLANK('Wand Mapping'!$H98)), "NE") -> NE | G98: =IF(NOT(ISBLANK('Wand Mapping'!$B98)), "AB") -> AB | H98: =IF(NOT(ISBLANK('Wand Mapping'!$F98)), "EV") -> EV | I98: =IF(NOT(ISBLANK('Wand Mapping'!$E98)), "TR") -> TR | J98: =IF(NOT(ISBLANK('Wand Mapping'!$C98)), "CO") -> CO | K98: =IF(B98=FALSE, IF(C98=FALSE, IF(D98=FALSE, IF(E98=FALSE, "RAND", E98), D98), C98), B98) -> EN | L98: =IF(K98="RAND", OFFSET(F98, 0, MOD(RAND(), 3)), K98) -> EN | M98: =IF(L98=FALSE, ,L98) -> EN | N98: =_xlfn.CONCAT(A98, "-", M98, ".BAM") -> wand_ai_960-EN.BAM
A99: ='Wand Mapping'!K99 -> wand_ai_970 | B99: =IF(NOT(ISBLANK('Wand Mapping'!$J99)), "WM") -> FALSE | C99: =IF(NOT(ISBLANK('Wand Mapping'!$D99)), "DI") -> DI | D99: =IF(NOT(ISBLANK('Wand Mapping'!$I99)), "IL") -> FALSE | E99: =IF(NOT(ISBLANK('Wand Mapping'!$G99)), "EN") -> EN | F99: =IF(NOT(ISBLANK('Wand Mapping'!$H99)), "NE") -> FALSE | G99: =IF(NOT(ISBLANK('Wand Mapping'!$B99)), "AB") -> AB | H99: =IF(NOT(ISBLANK('Wand Mapping'!$F99)), "EV") -> EV | I99: =IF(NOT(ISBLANK('Wand Mapping'!$E99)), "TR") -> TR | J99: =IF(NOT(ISBLANK('Wand Mapping'!$C99)), "CO") -> CO | K99: =IF(B99=FALSE, IF(C99=FALSE, IF(D99=FALSE, IF(E99=FALSE, "RAND", E99), D99), C99), B99) -> DI | L99: =IF(K99="RAND", OFFSET(F99, 0, MOD(RAND(), 3)), K99) -> DI | M99: =IF(L99=FALSE, ,L99) -> DI | N99: =_xlfn.CONCAT(A99, "-", M99, ".BAM") -> wand_ai_970-DI.BAM
A100: ='Wand Mapping'!K100 -> wand_ai_980 | B100: =IF(NOT(ISBLANK('Wand Mapping'!$J100)), "WM") -> FALSE | C100: =IF(NOT(ISBLANK('Wand Mapping'!$D100)), "DI") -> FALSE | D100: =IF(NOT(ISBLANK('Wand Mapping'!$I100)), "IL") -> FALSE | E100: =IF(NOT(ISBLANK('Wand Mapping'!$G100)), "EN") -> EN | F100: =IF(NOT(ISBLANK('Wand Mapping'!$H100)), "NE") -> NE | G100: =IF(NOT(ISBLANK('Wand Mapping'!$B100)), "AB") -> AB | H100: =IF(NOT(ISBLANK('Wand Mapping'!$F100)), "EV") -> EV | I100: =IF(NOT(ISBLANK('Wand Mapping'!$E100)), "TR") -> TR | J100: =IF(NOT(ISBLANK('Wand Mapping'!$C100)), "CO") -> CO | K100: =IF(B100=FALSE, IF(C100=FALSE, IF(D100=FALSE, IF(E100=FALSE, "RAND", E100), D100), C100), B100) -> EN | L100: =IF(K100="RAND", OFFSET(F100, 0, MOD(RAND(), 3)), K100) -> EN | M100: =IF(L100=FALSE, ,L100) -> EN | N100: =_xlfn.CONCAT(A100, "-", M100, ".BAM") -> wand_ai_980-EN.BAM
A101: ='Wand Mapping'!K101 -> wand_ai_990 | B101: =IF(NOT(ISBLANK('Wand Mapping'!$J101)), "WM") -> FALSE | C101: =IF(NOT(ISBLANK('Wand Mapping'!$D101)), "DI") -> FALSE | D101: =IF(NOT(ISBLANK('Wand Mapping'!$I101)), "IL") -> IL | E101: =IF(NOT(ISBLANK('Wand Mapping'!$G101)), "EN") -> EN | F101: =IF(NOT(ISBLANK('Wand Mapping'!$H101)), "NE") -> NE | G101: =IF(NOT(ISBLANK('Wand Mapping'!$B101)), "AB") -> AB | H101: =IF(NOT(ISBLANK('Wand Mapping'!$F101)), "EV") -> EV | I101: =IF(NOT(ISBLANK('Wand Mapping'!$E101)), "TR") -> TR | J101: =IF(NOT(ISBLANK('Wand Mapping'!$C101)), "CO") -> CO | K101: =IF(B101=FALSE, IF(C101=FALSE, IF(D101=FALSE, IF(E101=FALSE, "RAND", E101), D101), C101), B101) -> IL | L101: =IF(K101="RAND", OFFSET(F101, 0, MOD(RAND(), 3)), K101) -> IL | M101: =IF(L101=FALSE, ,L101) -> IL | N101: =_xlfn.CONCAT(A101, "-", M101, ".BAM") -> wand_ai_990-IL.BAM

Sheet Spell Data
A1: Name | B1: Final School
A2: Abi-Dalzim's Horrid Wilting | B2: Necromancy
A3: Absolute Guard | B3: Abjuration
A4: Absolute Immunity | B4: Abjuration
A5: Absord Spell | B5: Abjuration
A6: Acid Storm | B6: Invocation
A7: Aerial Servant | B7: Conjuration
A8: Agannazar's Scorcher | B8: Invocation
A9: Aid | B9: Necromancy
A10: Alicorn Lance | B10: Invocation
A11: Animal Growth | B11: Transmutation
A12: Animal Rage | B12: Enchantment
... A530: Zone of Sweet Air | B530: Abjuration

Sheet Spells By School
A1: Abjuration | B1: Conjuration | C1: Divination | D1: Transmutation | E1: Invocation | F1: Enchantment | G1: Necromancy | H1: Illusion | I1: Wild Magic
A2: Absolute Guard | B2: Aerial Servant | C2: Beast Sense | D2: Animal Growth | E2: Acid Storm | F2: Animal Rage | G2: =IFERROR(__xludf.DUMMYFUNCTION("query( {'Spell Data'!$A$2:$B$530}, ""Select Col1 where Col2='""&G$1&""'"" )"),"Abi-Dalzim's Horrid Wilting") -> Abi-Dalzim's Horrid Wilting | H2: Backstab Sequencer | I2: Chaos Shield*
A3: Absolute Immunity | B3: Animal Summoning 1 | C3: Clairvoyance | D3: Attain Perfection | E3: Agannazar's Scorcher | F3: Chaos | G3: =IFERROR(__xludf.DUMMYFUNCTION("""COMPUTED_VALUE"""),"Aid") -> Aid | H3: Blindness | I3: Disruptive Surge
A4: Absord Spell | B4: Animal Summoning 2 | C4: Contact Other Plane | D4: Barkskin | E4: Alicorn Lance | F4: Chaotic Commands | G4: =IFERROR(__xludf.DUMMYFUNCTION("""COMPUTED_VALUE"""),"Animate Dead") -> Animate Dead | H4: Blur | I4: Improved Chaos Shield*
A5: Antiharm Shell | B5: Animal Summoning 3 | C5: Detect Evil | D5: Barrage | E5: Aura of Flaming Death | F5: Charm Person | G5: =IFERROR(__xludf.DUMMYFUNCTION("""COMPUTED_VALUE"""),"Beltyn's Burning Blood") -> Beltyn's Burning Blood | H5: Camouflage | I5: Nahal's Reckless Dweomer*
A6: Antimagic Shell | B6: Armor | C6: Detect Illusion | D6: Beast Claw | E6: Ball Lightning | F6: Charm Person or Mammal | G6: =IFERROR(__xludf.DUMMYFUNCTION("""COMPUTED_VALUE"""),"Cause Critical Wounds") -> Cause Critical Wounds | H6: Clone Other
A7: Armor of Faith | B7: Bless | C7: Detect Invisibility | D7: Blood Rage | E7: Bigby's Clenched Fist | F7: Command | G7: =IFERROR(__xludf.DUMMYFUNCTION("""COMPUTED_VALUE"""),"Cause Light Wounds") -> Cause Light Wounds | H7: Deafness
A8: Bounce Spell | B8: Cacofiend | C8: Detect Magic | D8: Burning Hands | E8: Bigby's Crushing Hand | F8: Confusion | G8: =IFERROR(__xludf.DUMMYFUNCTION("""COMPUTED_VALUE"""),"Cause Medium Wounds") -> Cause Medium Wounds | H8: Demi-Shadow Monsters
A9: Breach | B9: Call Water Weirds | C9: Executioner's Eyes | D9: Call Lightning | E9: Black Blade of Disaster | F9: Contagious Fear | G9: =IFERROR(__xludf.DUMMYFUNCTION("""COMPUTED_VALUE"""),"Cause Moderate Wounds") -> Cause Moderate Wounds | H9: Displacement
A10: Cause Disease | B10: Call Woodland Beings | C10: Extend Vision | D10: Cat's Grace | E10: Blade Barrier | F10: Contingency Curse | G10: =IFERROR(__xludf.DUMMYFUNCTION("""COMPUTED_VALUE"""),"Cause Serious Wounds") -> Cause Serious Wounds | H10: Globe of Invisibility
A11: Cure Disease | B11: Carrion Summons | C11: Far Cast | D11: Champion's Strength | E11: Bolt of Glory | F11: Control Slime | G11: =IFERROR(__xludf.DUMMYFUNCTION("""COMPUTED_VALUE"""),"Chill Touch") -> Chill Touch | H11: Improved Invisibility
A12: Damage Turning | B12: Chant | C12: Farsight | D12: Cloud of Pestilance | E12: Chain Contingency | F12: Critical Spell | G12: =IFERROR(__xludf.DUMMYFUNCTION("""COMPUTED_VALUE"""),"Circle of Bones") -> Circle of Bones | H12: Invisibility
A13: Dispel Magic | B13: Cloak of Fear | C13: Find Traps | D13: Color Spray | E13: Chain Lightning | F13: Defensive Harmony | G13: =IFERROR(__xludf.DUMMYFUNCTION("""COMPUTED_VALUE"""),"Contagion") -> Contagion | H13: Invisibility 10' Radius
A14: Entropy Shield | B14: Colossal Growth | C14: Hunter's Mark | D14: Critical Boon | E14: Chromatic Orb | F14: Dire Charm | G14: Contingent Resurrection | H14: Major Mirror Image
A15: Exaltation | B15: Comet | C15: Identify | D15: Dimension Door | E15: Cloudburst | F15: Disarm | G15: Control Undead | H15: Mass Invisibility
A16: Expose to the Elements | B16: Commando Conjuration | C16: Infravision | D16: Disintigrate | E16: Cone of Cold | F16: Domination | G16: Culling Thought | H16: Mirror Image
A17: Forcecage | B17: Conjure Air Elemental | C17: Invisibility Purge | D17: Dolorous Decay | E17: Contingency | F17: Eclectic Recall | G17: Cure Critical Wounds | H17: Mislead
A18: Free Action | B18: Conjure Animals | C18: Know Alignment | D18: Doom | E18: Death Fog | F18: Emotion: Courage | G18: Cure Light Wounds | H18: Nature's Beauty
A19: Freedom | B19: Conjure Earth Elemental | C19: Legend Lore | D19: Drown | E19: Decastave | F19: Emotion: Hope | G19: Cure Medium Wounds | H19: Perfect Invisibility
A20: Globe of Invulnerability | B20: Conjure Fire Elemental | C20: Oracle | D20: Earthquake | E20: Delayed Blast Fireball | F20: Emotion: Hopelessness | G20: Cure Moderate Wounds | H20: Phantasmal Dragon
A21: Glyph of Spell Storing | B21: Copy Spell | C21: True Sight | D21: Enhance Attribute | E21: Dragon's Breath | F21: Enchanted Weapon | G21: Cure Serious Wounds | H21: Phantasmal Killer
A22: Glyph of Warding | B22: Create Pit | C22: True Strike | D22: Enoll Eva's Duplication | E22: Draw Upon Holy Might | F22: Enslave | G22: Darts of Bone | H22: Pixie Dust
A23: Guardian Magic | B23: Creeping Doom | D23: Entangle | E23: Energy Blades | F23: Extraordinary Luck | G23: Death Spell | H23: Project Image
A24: Heightening | B24: Curse | D24: Ether Gate | E24: False Dawn | F24: Feeblemind | G24: Death Trigger | H24: Reflected Image
A25: Impervious Sanctity of Mind | B25: Dimensional Chest | D25: Expeditious Retreat | E25: Fiery Link | F25: Friends | G25: Death Ward | H25: Shades
A26: Imprisonment | B26: Elemental Summoning | D26: Fire Curse | E26: Fire Shield (Blue) | F26: Greater Command | G26: Destruction | H26: Shadow Door
A27: Improved Alacrity | B27: Elysium's Tears | D27: Fire Earth Transformation | E27: Fire Shield (Red) | F27: Greater Malison | G27: Energy Drain | H27: Shadow Monsters
A28: Improved Mantle | B28: Empower Familiar | D28: Fire Elemental Transformation | E28: Fire Storm | F28: Greater Nightmare | G28: False Life | H28: Simulacrum
A29: Khelben's Warding Whip | B29: Ethereal Retribution | D29: Flesh to Stone | E29: Fireball | F29: Hex | G29: Favor of Illmater | H29: Spook
A30: Mantle | B30: Familiar Spell | D30: Fly | E30: Flame Blade | F30: Hold Animal | G30: Favored of the Spirits | H30: Warrior Simulacrum
A31: Mind Blank | B31: Find Familiar | D31: Freeze Inanimates | E31: Freezing Wave | F31: Hold Monster | G31: Finger of Death | H31: Wraith Form
A32: Minor Globe of Invulnerability | B32: Fire Seeds | D32: Ghostform | E32: Gedlee's Electric Barrier | F32: Hold Person | G32: Ghoul Touch
A33: Minor Spell Deflection | B33: Flame Arrow | D33: Ghostwalk | E33: Globe of Blades | F33: Intoxicate | G33: Ghoulish Feast
A34: Minor Spell Turning | B34: Forest's Blessing | D34: Giant Insect | E34: Goodberry | F34: Luck | G34: Greater Restoration
A35: Negative Plane Protection | B35: Gate | D35: Greater Steel Wind Strike | E35: Great Shout | F35: Magic Stone | G35: Harm
A36: Non-Detection | B36: Ghost Armor | D36: Haste | E36: Greater Living Lightning | F36: Mass Charm | G36: Heal
A37: Pierce Magic | B37: Glitterdust | D37: Healing Curse | E37: Heavenly Inferno | F37: Mass Domination | G37: Hold Undead
A38: Pierce Shield | B38: Grease | D38: Implosion | E38: Holy Power | F38: Mental Agility | G38: Holy Smite
A39: Power Word: Push | B39: Greater Elemental Summoning | D39: Improved Haste | E39: Ice Storm | F39: Mental Domination | G39: Horror
A40: Protection from Acid | B40: Greater Shield of Lathander | D40: Inertia | E40: Icelance | F40: Mind Fog | G40: Larloch's Minor Drain
A41: Protection from Cold | B41: Holy Word | D41: Iron Body | E41: Incendiary Cloud | F41: Miscast Magic | G41: Lesser Restoration
A42: Protection from Electricity | B42: Insect Plague | D42: Jump | E42: Isaac's Greater Missile Storm | F42: Otto's Irresistible Spin | G42: Lich Touch
A43: Protection from Energy | B43: Invisible Stalker | D43: Knock | E43: Lance of Disruption | F43: Ray of Enfeeblement | G43: Life Transfer
... A49: Protection From Non-Silver Weapons | B49: Monster Summoning 1 | D49: Otiluke's Resilient Sphere | E49: Melf's Minute Meteors | F49: Emotion: Fear | G49: Necropotence
A50: Protection from Normal Missiles | B50: Monster Summoning 2 | D50: Pebbles to Boulders | E50: Metafireball | G50: Neutralize Poison
A51: Protection from Normal Weapons | B51: Monster Summoning 3 | D51: Physical Mirror | E51: Meteor Swarm | G51: Null Healing
A52: Protection from Petrification | B52: Monster Summoning 4 | D52: Piercing Shots | E52: Minor Sequencer | G52: Poison
A53: Protection From The Elements | B53: Monster Summoning 5 | D53: Polymorph Self | E53: Missile of Patience | G53: Power Word, Heal
A54: Protection from Time Stop | B54: Monster Summoning 6 | D54: Produce Fire | E54: Mist of Eldath | G54: Raise Dead
A55: Recitation | B55: Monster Summoning 7 | D55: Prolongment | E55: Moonblade | G55: Reanimate
A56: Reflect Attack | B56: Nonrandom Zone | D56: Redirect Spell | E56: Mordenkainen's Force Missiles | G56: Recall Spirit
A57: Remove Curse | B57: Power Word Blind | D57: Resist Fire/Cold | E57: Mordenkainen's Sword | G57: Regeneration
A58: Remove Fear | B58: Power Word Silence | D58: Rewind Time | E58: Otiluke's Freezing Sphere | G58: Resurrection
A59: Remove Magic | B59: Power Word Sleep | D59: Righteous Magic | E59: Phantom Blade | G59: Sacrificial Explosion
A60: Remove Paralysis | B60: Power Word, Kill | D60: Ruby Ray of Reversal | E60: Polar Ray | G60: Skeleton Horde
A61: Repulse | B61: Power Word: Pull | D61: Shapechange | E61: Rampant Lightning | G61: Skull Trap
... A79: Storm Shield | B79: Summon Fallen Deva | D79: Strength | E79: Trial by Fire | G79: Mass Cure
A80: True Dispel (P) | B80: Summon Fiend | D80: Strength of One | E80: Volcanic Eruption
A81: Turn Creature | B81: Summon Hakeashar | D81: Suffocate | E81: Wall of Fire
A82: Wall of Force | B82: Summon Insects | D82: Teleport Field | E82: Wall of Moonlight
A83: Zone of Sweet Air | B83: Summon Kobold | D83: Teleport Step | E83: Web
B84: Summon Lizard Man | D84: Tenser's Transformation | E84: Whirlwind
B85: Summon Nishruu | D85: Thorn Spray | E85: Mordenkainen's Force Blade
B86: Summon Planetar | D86: Throw
B87: Summon Trolls | D87: Time Stop
B88: Symbol, Death | D88: Vocalize
B89: Symbol, Fear | D89: Wind Shots
B90: Symbol, Hopelessness | D90: Wizard Eye
B91: Symbol, Stun | D91: Wondrous Recall
B92: Teleportation Circle | D92: Dancing Lights
B93: Unholy Word | D93: Darkness 15' Radius
B94: Vitriolic Sphere | D94: Faerie Fire
B95: Wish
B96: Writhing Fog
B97: Wyvern Call
B98: Conjure Lesser Air Elemental
B99: Conjure Lesser Earth Elemental
B100: Conjure Lesser Fire Elemental
B101: Conjure Lesser Water Elemental
B102: Conjure Water Elemental

Sheet Wand Recipes
A1: Custom | B1: Wand Code | C1: Spell Level | D1: CasterLevel | E1: Name | F1: Spell File | G1: Source | H1: SubSource | I1: Detail | J1: School | K1: Result RESREF
A2: FALSE | B2: OHDWAND1 | C2: 2 | D2: 3 | E2: Wand of Glitterdust | F2: SPWI224 | G2: Base Game | H2: BG2EE
A3: FALSE | B3: OHNWAND1 | E3: Wand of Whips | F3: Magic Missile, Web, Warding whip? | G3: Base Game | H3: BG2EE
A4: FALSE | B4: RODS01 | C4: 6 | D4: 12 | E4: Rod of Absorbtion | F4: SPWI618 | G4: Base Game | H4: BG2EE
A5: FALSE | B5: RODS03 | C5: 7 | D5: 14 | E5: Rod of Resurrection | F5: SPPR712 | G5: Base Game | H5: BG2EE
A6: FALSE | B6: RODS06 | C6: 7 | D6: 14 | E6: Rod of Reversal | F6: SPWI704 | G6: Base Game | H6: BG2EE
A7: FALSE | B7: WAND19 | C7: 2 | D7: 3 | E7: Wand of Cursing | F7: SPWI223 / / | G7: Base Game | H7: BG2EE
A8: FALSE | B8: BDWAND01 | E8: Wand of Water Elemental Summoning | F8: WIZARD_CONJURE_WATER_ELEMENTAL | G8: Base Game | H8: Core
A9: FALSE | B9: WAND02 | C9: 2 | D9: 3 | E9: Wand of Fear | F9: SPWI205 | G9: Base Game | H9: Core
A10: FALSE | B10: WAND03 | C10: 1 | D10: 1 | E10: Wand of Magic Missiles | F10: SPWI112 | G10: Base Game | H10: Core
A11: FALSE | B11: WAND04 | C11: 3 | D11: 5 | E11: Wand of Paralyzation | F11: SPWI306 | G11: Base Game | H11: Core
A12: FALSE | B12: WAND05 | C12: 3 | D12: 5 | E12: Wand of Fire | F12: SPWI304 (Fireball) / SPWI217 (Agannazar's Scorcher) | G12: Base Game | H12: Core
A13: FALSE | B13: WAND06 | C13: 4 | D13: 7 | E13: Wand of Frost | F13: SPWI217 (Agannazar's Scorcher) / SPWI404 (Ice Storm) / SPWI503 (Cone of Cold) | G13: Base Game | H13: Core
A14: FALSE | B14: WAND07 | C14: 3 | D14: 5 | E14: Wand of Lightning | F14: SPWI308 | G14: Base Game | H14: Core
A15: FALSE | B15: WAND08 | C15: 1 | D15: 1 | E15: Wand of Sleep | F15: SPWI116 | G15: Base Game | H15: Core
A16: FALSE | B16: WAND09 | C16: 4 | D16: 7 | E16: Wand of Polymorphing | F16: SPWI415 | G16: Base Game | H16: Core
A17: FALSE | B17: WAND10 | C17: 4 | D17: 7 | E17: Wand of Monster Summoning | F17: SPWI407 | G17: Base Game | H17: Core
A18: FALSE | B18: WAND11 | C18: 5 | D18: 9 | E18: Wand of the Heavens | F18: SPPR503 | G18: Base Game | H18: Core
A19: FALSE | B19: WAND12 | E19: Wand of Wonder | F19: various. TBD in recipes | G19: Base Game | H19: Core
A20: FALSE | B20: WAND13 | C20: 5 | D20: 9 | E20: Wand of Cloudkill | F20: SPWI502 | G20: Base Game | H20: Core
A21: FALSE | B21: WAND15 | E21: Wand of the Apprenti | F21: various. TBD in recipes | G21: Base Game | H21: Core
A22: FALSE | B22: WAND18 | C22: 6 | D22: 12 | E22: Wand of Spell Striking | F22: SPWI608 / Pierce Magic / Breach | G22: Base Game | H22: Core
A23: FALSE | B23: WANDARM | C23: 3 | D23: 5 | E23: Wand of Armory | F23: SPWI317 (ghost armor) / SPWI114 (shield) | G23: Base Game | H23: IWDEE
A24: FALSE | B24: WANDCOR | C24: 7 | D24: 14 | E24: Wand of Corrosion | F24: SPWI724 (Acid Storm) / SPWI614 (DeathFog) | G24: Base Game | H24: IWDEE
A25: FALSE | B25: WANDFRE | C25: 4 | D25: 7 | E25: Wand of Freezing Death | F25: SPWI204 (Snilloc) / SPWI327 (Icelance) / SPWI404 (Ice Storm) | G25: Base Game | H25: IWDEE
A26: FALSE | B26: WANDMIS | C26: 1 | D26: 5 | E26: Pemby's Wand of Many Missiles | F26: SPWI112 | G26: Base Game | H26: IWDEE | I26: Magic Missile level 5
A27: FALSE | B27: WANDTRP | C27: 2 | D27: 3 | E27: Wand of Trap Detection | F27: SPPR205 (Find traps) | G27: Base Game | H27: IWDEE
A28: TRUE | B28: BZ-1_ | C28: 1 | D28: 1 | E28: Grease | F28: SPWI101 | G28: Caster Crafting | H28: Core
A29: TRUE | B29: BZ-10 | C29: 1 | D29: 1 | E29: Armor | F29: SPWI102 | G29: Caster Crafting | H29: Core
A30: TRUE | B30: BZ-11 | C30: 1 | D30: 1 | E30: Burning Hands | F30: SPWI103 | G30: Caster Crafting | H30: Core
A31: TRUE | B31: BZ-12 | C31: 1 | D31: 1 | E31: Charm Person | F31: SPWI104 | G31: Caster Crafting | H31: Core
A32: TRUE | B32: BZ-13 | C32: 1 | D32: 1 | E32: Color Spray | F32: SPWI105 | G32: Caster Crafting | H32: Core
A33: TRUE | B33: BZ-14 | C33: 1 | D33: 1 | E33: Blindness | F33: SPWI106 | G33: Caster Crafting | H33: Core
A34: TRUE | B34: BZ-15 | C34: 1 | D34: 1 | E34: Friends | F34: SPWI107 | G34: Caster Crafting | H34: Core
A35: TRUE | B35: BZ-16 | C35: 1 | D35: 1 | E35: Protection from Petrification | F35: SPWI108 | G35: Caster Crafting | H35: Core
A36: TRUE | B36: BZ-17 | C36: 1 | D36: 1 | E36: Identify | F36: SPWI110 | G36: Caster Crafting | H36: Core
A37: TRUE | B37: BZ-18 | C37: 1 | D37: 1 | E37: Infravision | F37: SPWI111 | G37: Caster Crafting | H37: Core
A38: TRUE | B38: BZ-19 | C38: 1 | D38: 1 | E38: Magic Missile | F38: SPWI112 | G38: Caster Crafting | H38: Core
... A346: TRUE | B346: BZ-A5 | C346: 10 | D346: 18 | E346: Comet | F346: SPWI925 | G346: Caster Crafting | H346: Core
A347: TRUE | B347: BZ-A6 | C347: Q | D347: 18 | E347: Energy Blades | F347: SPPR721 | G347: Caster Crafting | H347: Core
A348: TRUE | B348: BZ-A7 | C348: Q | D348: 18 | E348: Storm of Vengeance | F348: SPPR722 | G348: Caster Crafting | H348: Core
A349: TRUE | B349: BZ-A8 | C349: Q | D349: 18 | E349: Elemental Summoning | F349: SPPR723 | G349: Caster Crafting | H349: Core
A350: TRUE | B350: BZ-A9 | C350: Q | D350: 18 | E350: Greater Elemental Summoning | F350: SPPR724 | G350: Caster Crafting | H350: Core
A351: TRUE | B351: BZ-AA | C351: Q | D351: 18 | E351: Globe of Blades | F351: SPPR725 | G351: Caster Crafting | H351: Core
A352: TRUE | B352: BZ-AB | C352: Q | D352: 18 | E352: Summon Deva | F352: SPPR726 | G352: Caster Crafting | H352: Core
A353: TRUE | B353: BZ-AC | C353: Q | D353: 18 | E353: Summon Fallen Deva | F353: SPPR727 | G353: Caster Crafting | H353: Core
A354: TRUE | B354: BZ-AD | C354: Q | D354: 18 | E354: Implosion | F354: SPPR728 | G354: Caster Crafting | H354: Core
A355: TRUE | B355: BZ-AE | C355: Q | D355: 18 | E355: Aura of Flaming Death | F355: SPPR730 | G355: Caster Crafting | H355: Core
A356: TRUE | B356: BZ-AF | C356: Q | D356: 18 | E356: Fire Elemental Transformation | F356: SPPR731 | G356: Caster Crafting | H356: Core
A357: TRUE | B357: BZ-AG | C357: Q | D357: 18 | E357: Fire Earth Transformation | F357: SPPR732 | G357: Caster Crafting | H357: Core
A358: TRUE | B358: BZ-AH | C358: Q | D358: 18 | E358: Ethereal Retribution | F358: SPPR751 | G358: Caster Crafting | H358: Core
A359: TRUE | B359: BZ-W_ | C359: 3 | D359: 5 | E359: Icelance | F359: WIZARD_ICELANCE | G359: Caster Crafting | H359: IWDification
A360: TRUE | B360: BZ-W0 | C360: 3 | D360: 5 | E360: Lance of Disruption | F360: WIZARD_LANCE_OF_DISRUPTION | G360: Caster Crafting | H360: IWDification
A361: TRUE | B361: BZ-W1 | C361: 3 | D361: 5 | E361: Prayer | F361: CLERIC_PRAYER | G361: Caster Crafting | H361: IWDification
A362: TRUE | B362: BZ-W2 | C362: 3 | D362: 5 | E362: Cause Disease | F362: CLERIC_CAUSE_DISEASE | G362: Caster Crafting | H362: IWDification
A363: TRUE | B363: BZ-W3 | C363: 3 | D363: 5 | E363: Exaltation | F363: CLERIC_EXALTATION | G363: Caster Crafting | H363: IWDification
A364: TRUE | B364: BZ-W4 | C364: 3 | D364: 5 | E364: Moonblade | F364: CLERIC_MOONBLADE | G364: Caster Crafting | H364: IWDification
A365: TRUE | B365: BZ-W5 | C365: 3 | D365: 5 | E365: Circle of Bones | F365: CLERIC_CIRCLE_OF_BONES | G365: Caster Crafting | H365: IWDification
A366: TRUE | B366: BZ-W6 | C366: 3 | D366: 5 | E366: Spike Growth | F366: CLERIC_SPIKE_GROWTH | G366: Caster Crafting | H366: IWDification
A367: TRUE | B367: BZ-W7 | C367: 3 | D367: 5 | E367: Cloudburst | F367: CLERIC_CLOUDBURST | G367: Caster Crafting | H367: IWDification
A368: TRUE | B368: BZ-W8 | C368: 3 | D368: 5 | E368: Mold Touch | F368: CLERIC_MOLD_TOUCH | G368: Caster Crafting | H368: IWDification
A369: TRUE | B369: BZ-W9 | C369: 3 | D369: 5 | E369: Storm Shell | F369: CLERIC_STORM_SHELL | G369: Caster Crafting | H369: IWDification
A370: TRUE | B370: BZ-WA | C370: 3 | D370: 5 | E370: Cause Medium Wounds | F370: CLERIC_CAUSE_MEDIUM_WOUNDS | G370: Caster Crafting | H370: IWDification
... A525: TRUE | B525: BZ-Q6 | C525: 9 | D525: 18 | E525: Damage Turning | F525: MEWI959 | G525: Caster Crafting | H525: OlvynSpells
A526: TRUE | B526: BZ-Q7 | C526: A | D526: 18 | E526: Eclectic Recall | F526: MEWI960 | G526: Caster Crafting | H526: OlvynSpells
A527: TRUE | B527: BZ-Q8 | C527: A | D527: 18 | E527: Freezing Wave | F527: MEWI964 | G527: Caster Crafting | H527: OlvynSpells
A528: TRUE | B528: BZ-Q9 | C528: A | D528: 18 | E528: Rampant Lightning | F528: MEWI965 | G528: Caster Crafting | H528: OlvynSpells
A529: TRUE | B529: BZ-QA | C529: Q | D529: 18 | E529: Colossal Growth | F529: MEPR754 | G529: Caster Crafting | H529: OlvynSpells
A530: TRUE | B530: BZ-QB | C530: Q | D530: 18 | E530: Contingent Resurrection | F530: MEPR756 | G530: Caster Crafting | H530: OlvynSpells
A531: TRUE | B531: BZ-QC | C531: Q | D531: 18 | E531: Mass Heal | F531: MEPR758 | G531: Caster Crafting | H531: OlvynSpells
A532: TRUE | B532: BZ-QD | C532: Q | D532: 18 | E532: Contagious Fear | F532: MEPR766 | G532: Caster Crafting | H532: OlvynSpells
A533: TRUE | B533: BZ-QE | C533: 5 | D533: 9 | E533: Life Transfer | F533: MEWI551 | G533: Caster Crafting | H533: OlvynSpells | I533: Powerful
A534: TRUE | B534: BZ-QF | C534: 5 | D534: 9 | E534: Missile of Patience | F534: MEWI558 | G534: Caster Crafting | H534: OlvynSpells | I534: Powerful
A535: TRUE | B535: BZ-QG | C535: 6 | D535: 12 | E535: Antiharm Shell | F535: MEPR653 | G535: Caster Crafting | H535: OlvynSpells | I535: Powerful
A536: TRUE | B536: BZ-QH | C536: 7 | D536: 14 | E536: Nonrandom Zone | F536: MEPR753 | G536: Caster Crafting | H536: OlvynSpells | I536: Powerful
A537: TRUE | B537: BZ-QI | C537: 7 | D537: 14 | E537: Omnipresence | F537: MEPR759 | G537: Caster Crafting | H537: OlvynSpells | I537: Powerful
A538: TRUE | B538: BZ-QJ | C538: 7 | D538: 14 | E538: True Dispel (P) | F538: MEPR760 | G538: Caster Crafting | H538: OlvynSpells | I538: Powerful
A539: TRUE | B539: BZ-QK | C539: 8 | D539: 16 | E539: Omnipresence | F539: MEWI855 | G539: Caster Crafting | H539: OlvynSpells | I539: Powerful
A540: TRUE | B540: BZ-QL | C540: 8 | D540: 16 | E540: Metafireball | F540: MEWI863 | G540: Caster Crafting | H540: OlvynSpells | I540: Powerful
A541: TRUE | B541: BZ-QM | C541: 9 | D541: 18 | E541: Mass Sequencer | F541: MEWI955 | G541: Caster Crafting | H541: OlvynSpells | I541: Powerful
A542: TRUE | B542: BZ-QN | C542: 9 | D542: 18 | E542: Executioner's Eyes | F542: MEWI957 | G542: Caster Crafting | H542: OlvynSpells | I542: Powerful
A543: TRUE | B543: BZ-QO | C543: 9 | D543: 18 | E543: Phantasmal Dragon | F543: MEWI958 | G543: Caster Crafting | H543: OlvynSpells | I543: Powerful
A544: TRUE | B544: BZ-QP | C544: 9 | D544: 18 | E544: Protection from Time Stop | F544: MEWI966 | G544: Caster Crafting | H544: OlvynSpells | I544: Powerful
... A606: TRUE | B606: BZ-SF | C606: 9 | D606: 18 | E606: Enoll Eva's Duplication | F606: MEWI956 | G606: Caster Crafting | H606: OlvynSpells | I606: EEex + Powerful
A607: TRUE | B607: BZ-SG | C607: Q | D607: 18 | E607: Spirit of Power | F607: MEPR765 | G607: Caster Crafting | H607: OlvynSpells | I607: EEex + Powerful
A608: TRUE | B608: BZ-SH | C608: 4 | D608: 7 | E608: Wall of Fire | F608: MEPR454 | G608: Caster Crafting | H608: OlvynSpells | I608: No IWD
A609: TRUE | B609: BZ-SI | C609: 1 | D609: 1 | E609: True Strike | F609: SPWI111 | G609: Caster Crafting | H609: OlvynSpells | I609: True Strike
A610: TRUE | B610: BZ-SJ | C610: 5 | D610: 9 | E610: Skeleton Horde | F610: MEWI556 | G610: Caster Crafting | H610: OlvynSpells | I610: Skeleton Horde

Sheet Missing Wand Definitions
A1: Name | B1: Wand Code | C1: Spell Level | D1: CasterLevel | E1: Result RESREF | F1: Spell File | G1: Source | H1: SubSource | I1: Detail | J1: Abjuration | K1: Conjuration | L1: Divination | M1: Transmutation | N1: Invocation | O1: Enchantment | P1: Necromancy | Q1: Illusion | R1: Wild Magic | S1: Spell School | T1: Image Suffix | U1: Match Row | V1: Image Name | W1: BAM | X1: BAM Override | Y1: Note | Z1: BAM Final | AA1: Usability: Mage | AB1: Usability: Cleric | AC1: Usability: Druid | AD1: Usability: Bard | AE1: Usability: Paladin | AF1: Usability: Ranger | AG1: Usability: Shaman | AH1: Usability: Good | AI1: Usability: ... Neutral | AJ1: Usability: Evil | AK1: Usability: Lawful | AL1: Usability: Neutral ... | AM1: Usability: Chaotic | AN1: Usability Any Class | AO1: Duration: Opcode | AP1: Duration: Offset | AQ1: Magnitude: Opcode | AR1: Magnitude: Offset | AS1: Magnitude 2: Opcode | AT1: Magnitude 2: Offset | AU1: Kit Restrictions | AV1: Title STRREF BG(2)EE | AW1: Description STRREF BG(2)EE | AX1: Title STRREF IWD | AY1: Description STRREF IWD | AZ1: Title STRREF Olvyn | BA1: Description STRREF Olvyn | BB1: Title STRREF Spell Rev. | BC1: Description STRREF Spell Rev. | BD1: Expected Title STTREF | BE1: Expected Description STTREF | BF1: Title STRREF Match | BG1: Description STRREF Match
A2: Grease | B2: BZ-1_ | C2: 1 | D2: 1 | E2: =_xlfn.CONCAT(B2, RIGHT(_xlfn.CONCAT("0", D2), 2)) -> BZ-1_01 | F2: SPWI101 | G2: Caster Crafting | H2: Core | J2: =MATCH($A2, 'Spells By School'!A:A, 0) -> #N/A | K2: =MATCH($A2, 'Spells By School'!B:B, 0) -> 38 | L2: =MATCH($A2, 'Spells By School'!C:C, 0) -> #N/A | M2: =MATCH($A2, 'Spells By School'!D:D, 0) -> #N/A | N2: =MATCH($A2, 'Spells By School'!E:E, 0) -> #N/A | O2: =MATCH($A2, 'Spells By School'!F:F, 0) -> #N/A | P2: =MATCH($A2, 'Spells By School'!G:G, 0) -> #N/A | Q2: =MATCH($A2, 'Spells By School'!H:H, 0) -> #N/A | R2: =MATCH($A2, 'Spells By School'!I:I, 0) -> #N/A | S2: =IF(ISNA($J2), IF(ISNA($K2), IF(ISNA($L2), IF(ISNA($M2), IF(ISNA($N2), IF(ISNA($O2), IF(ISNA($P2), IF(ISNA($Q2), IF(ISNA($R2), "###error###", R$1),Q$1),P$1),O$1),N$1),M$1),L$1),K$1),J$1) -> Conjuration | T2: =IF(ISNA($J2), IF(ISNA($K2), IF(ISNA($L2), IF(ISNA($M2), IF(ISNA($N2), IF(ISNA($O2), IF(ISNA($P2), IF(ISNA($Q2), IF(ISNA($R2), "###error###", "WM"),"IL"),"NE"),"EN"),"EV"),"TR"),"DI"),"CO"),"AB") -> CO | U2: =IF(ISNA($J2), IF(ISNA($K2), IF(ISNA($L2), IF(ISNA($M2), IF(ISNA($N2), IF(ISNA($O2), IF(ISNA($P2), IF(ISNA($Q2), IF(ISNA($R2), "###error###", MATCH(A2, 'Wand Mapping'!J:J,0)),MATCH(A2, 'Wand Mapping'!I:I,0)),MATCH(A2, 'Wand Mapping'!H:H,0)),MATCH(A2, 'Wand Mapping'!G:G,0)),MATCH(A2, 'Wand Mapping'!F:F,0)),MATCH(A2, 'Wand Mapping'!E:E,0)),MATCH(A2, 'Wand Mapping'!D:D,0)),MATCH(A2, 'Wand Mapping'!C:C,0)),MATCH(A2, 'Wand Mapping'!B:B,0)) -> 97 | V2: =INDEX('Wand Mapping'!K:K, U2) -> wand_ai_950 | W2: =_xlfn.CONCAT(V2, "_", T2) -> wand_ai_950_CO | Z2: =IF(ISBLANK(X2), W2, X2) -> wand_ai_950_CO | AA2: TRUE | AD2: TRUE | AH2: TRUE | AI2: TRUE | AJ2: TRUE | AK2: TRUE | AL2: TRUE | AM2: TRUE | AN2: TRUE | AV2: 61000 | AW2: 61001 | AX2: 71000 | AY2: 71001 | BB2: 91000 | BC2: 91001 | BD2: 1000 | BE2: =IF(BD2="", "", BD2+1) -> 1001 | BF2: =AND( OR(ISBLANK(AV2), AND(MOD(AV2, 10000) = BD2, QUOTIENT(AV2, 10000) = 6)), OR(ISBLANK(AX2), AND(MOD(AX2, 10000) = BD2, QUOTIENT(AX2, 10000) = 7)), OR(ISBLANK(AZ2), AND(MOD(AZ2, 10000) = BD2, QUOTIENT(AZ2, 10000) = 8)), OR(ISBLANK(BB2), AND(MOD(BB2, 10000) = BD2, QUOTIENT(BB2, 10000) = 9)) ) -> TRUE | BG2: =AND( OR(ISBLANK(AW2), AND(MOD(AW2, 10000) = BE2, QUOTIENT(AW2, 10000) = 6)), OR(ISBLANK(AY2), AND(MOD(AY2, 10000) = BE2, QUOTIENT(AY2, 10000) = 7)), OR(ISBLANK(BA2), AND(MOD(BA2, 10000) = BE2, QUOTIENT(BA2, 10000) = 8)), OR(ISBLANK(BC2), AND(MOD(BC2, 10000) = BE2, QUOTIENT(BC2, 10000) = 9)) ) -> TRUE
A3: Armor | B3: BZ-10 | C3: 1 | D3: 1 | E3: =_xlfn.CONCAT(B3, RIGHT(_xlfn.CONCAT("0", D3), 2)) -> BZ-1001 | F3: SPWI102 | G3: Caster Crafting | H3: Core | J3: =MATCH($A3, 'Spells By School'!A:A, 0) -> #N/A | K3: =MATCH($A3, 'Spells By School'!B:B, 0) -> 6 | L3: =MATCH($A3, 'Spells By School'!C:C, 0) -> #N/A | M3: =MATCH($A3, 'Spells By School'!D:D, 0) -> #N/A | N3: =MATCH($A3, 'Spells By School'!E:E, 0) -> #N/A | O3: =MATCH($A3, 'Spells By School'!F:F, 0) -> #N/A | P3: =MATCH($A3, 'Spells By School'!G:G, 0) -> #N/A | Q3: =MATCH($A3, 'Spells By School'!H:H, 0) -> #N/A | R3: =MATCH($A3, 'Spells By School'!I:I, 0) -> #N/A | S3: =IF(ISNA($J3), IF(ISNA($K3), IF(ISNA($L3), IF(ISNA($M3), IF(ISNA($N3), IF(ISNA($O3), IF(ISNA($P3), IF(ISNA($Q3), IF(ISNA($R3), "###error###", R$1),Q$1),P$1),O$1),N$1),M$1),L$1),K$1),J$1) -> Conjuration | T3: =IF(ISNA($J3), IF(ISNA($K3), IF(ISNA($L3), IF(ISNA($M3), IF(ISNA($N3), IF(ISNA($O3), IF(ISNA($P3), IF(ISNA($Q3), IF(ISNA($R3), "###error###", "WM"),"IL"),"NE"),"EN"),"EV"),"TR"),"DI"),"CO"),"AB") -> CO | U3: =IF(ISNA($J3), IF(ISNA($K3), IF(ISNA($L3), IF(ISNA($M3), IF(ISNA($N3), IF(ISNA($O3), IF(ISNA($P3), IF(ISNA($Q3), IF(ISNA($R3), "###error###", MATCH(A3, 'Wand Mapping'!J:J,0)),MATCH(A3, 'Wand Mapping'!I:I,0)),MATCH(A3, 'Wand Mapping'!H:H,0)),MATCH(A3, 'Wand Mapping'!G:G,0)),MATCH(A3, 'Wand Mapping'!F:F,0)),MATCH(A3, 'Wand Mapping'!E:E,0)),MATCH(A3, 'Wand Mapping'!D:D,0)),MATCH(A3, 'Wand Mapping'!C:C,0)),MATCH(A3, 'Wand Mapping'!B:B,0)) -> 94 | V3: =INDEX('Wand Mapping'!K:K, U3) -> wand_ai_920 | W3: =_xlfn.CONCAT(V3, "_", T3) -> wand_ai_920_CO | Z3: =IF(ISBLANK(X3), W3, X3) -> wand_ai_920_CO | AA3: TRUE | AD3: TRUE | AH3: TRUE | AI3: TRUE | AJ3: TRUE | AK3: TRUE | AL3: TRUE | AM3: TRUE | AN3: TRUE | AV3: 61002 | AW3: 61003 | BB3: 91002 | BC3: 91003 | BD3: 1002 | BE3: =IF(BD3="", "", BD3+1) -> 1003 | BF3: =AND( OR(ISBLANK(AV3), AND(MOD(AV3, 10000) = BD3, QUOTIENT(AV3, 10000) = 6)), OR(ISBLANK(AX3), AND(MOD(AX3, 10000) = BD3, QUOTIENT(AX3, 10000) = 7)), OR(ISBLANK(AZ3), AND(MOD(AZ3, 10000) = BD3, QUOTIENT(AZ3, 10000) = 8)), OR(ISBLANK(BB3), AND(MOD(BB3, 10000) = BD3, QUOTIENT(BB3, 10000) = 9)) ) -> TRUE | BG3: =AND( OR(ISBLANK(AW3), AND(MOD(AW3, 10000) = BE3, QUOTIENT(AW3, 10000) = 6)), OR(ISBLANK(AY3), AND(MOD(AY3, 10000) = BE3, QUOTIENT(AY3, 10000) = 7)), OR(ISBLANK(BA3), AND(MOD(BA3, 10000) = BE3, QUOTIENT(BA3, 10000) = 8)), OR(ISBLANK(BC3), AND(MOD(BC3, 10000) = BE3, QUOTIENT(BC3, 10000) = 9)) ) -> TRUE
A4: Burning Hands | B4: BZ-11 | C4: 1 | D4: 1 | E4: =_xlfn.CONCAT(B4, RIGHT(_xlfn.CONCAT("0", D4), 2)) -> BZ-1101 | F4: SPWI103 | G4: Caster Crafting | H4: Core | J4: =MATCH($A4, 'Spells By School'!A:A, 0) -> #N/A | K4: =MATCH($A4, 'Spells By School'!B:B, 0) -> #N/A | L4: =MATCH($A4, 'Spells By School'!C:C, 0) -> #N/A | M4: =MATCH($A4, 'Spells By School'!D:D, 0) -> 8 | N4: =MATCH($A4, 'Spells By School'!E:E, 0) -> #N/A | O4: =MATCH($A4, 'Spells By School'!F:F, 0) -> #N/A | P4: =MATCH($A4, 'Spells By School'!G:G, 0) -> #N/A | Q4: =MATCH($A4, 'Spells By School'!H:H, 0) -> #N/A | R4: =MATCH($A4, 'Spells By School'!I:I, 0) -> #N/A | S4: =IF(ISNA($J4), IF(ISNA($K4), IF(ISNA($L4), IF(ISNA($M4), IF(ISNA($N4), IF(ISNA($O4), IF(ISNA($P4), IF(ISNA($Q4), IF(ISNA($R4), "###error###", R$1),Q$1),P$1),O$1),N$1),M$1),L$1),K$1),J$1) -> Transmutation | T4: =IF(ISNA($J4), IF(ISNA($K4), IF(ISNA($L4), IF(ISNA($M4), IF(ISNA($N4), IF(ISNA($O4), IF(ISNA($P4), IF(ISNA($Q4), IF(ISNA($R4), "###error###", "WM"),"IL"),"NE"),"EN"),"EV"),"TR"),"DI"),"CO"),"AB") -> TR | U4: =IF(ISNA($J4), IF(ISNA($K4), IF(ISNA($L4), IF(ISNA($M4), IF(ISNA($N4), IF(ISNA($O4), IF(ISNA($P4), IF(ISNA($Q4), IF(ISNA($R4), "###error###", MATCH(A4, 'Wand Mapping'!J:J,0)),MATCH(A4, 'Wand Mapping'!I:I,0)),MATCH(A4, 'Wand Mapping'!H:H,0)),MATCH(A4, 'Wand Mapping'!G:G,0)),MATCH(A4, 'Wand Mapping'!F:F,0)),MATCH(A4, 'Wand Mapping'!E:E,0)),MATCH(A4, 'Wand Mapping'!D:D,0)),MATCH(A4, 'Wand Mapping'!C:C,0)),MATCH(A4, 'Wand Mapping'!B:B,0)) -> 40 | V4: =INDEX('Wand Mapping'!K:K, U4) -> wand_ai_380 | W4: =_xlfn.CONCAT(V4, "_", T4) -> wand_ai_380_TR | Z4: =IF(ISBLANK(X4), W4, X4) -> wand_ai_380_TR | AA4: TRUE | AD4: TRUE | AH4: TRUE | AI4: TRUE | AJ4: TRUE | AK4: TRUE | AL4: TRUE | AM4: TRUE | AV4: 61004 | AW4: 61005 | AX4: 71004 | AY4: 71005 | BB4: 91004 | BC4: 91005 | BD4: 1004 | BE4: =IF(BD4="", "", BD4+1) -> 1005 | BF4: =AND( OR(ISBLANK(AV4), AND(MOD(AV4, 10000) = BD4, QUOTIENT(AV4, 10000) = 6)), OR(ISBLANK(AX4), AND(MOD(AX4, 10000) = BD4, QUOTIENT(AX4, 10000) = 7)), OR(ISBLANK(AZ4), AND(MOD(AZ4, 10000) = BD4, QUOTIENT(AZ4, 10000) = 8)), OR(ISBLANK(BB4), AND(MOD(BB4, 10000) = BD4, QUOTIENT(BB4, 10000) = 9)) ) -> TRUE | BG4: =AND( OR(ISBLANK(AW4), AND(MOD(AW4, 10000) = BE4, QUOTIENT(AW4, 10000) = 6)), OR(ISBLANK(AY4), AND(MOD(AY4, 10000) = BE4, QUOTIENT(AY4, 10000) = 7)), OR(ISBLANK(BA4), AND(MOD(BA4, 10000) = BE4, QUOTIENT(BA4, 10000) = 8)), OR(ISBLANK(BC4), AND(MOD(BC4, 10000) = BE4, QUOTIENT(BC4, 10000) = 9)) ) -> TRUE
A5: Charm Person | B5: BZ-12 | C5: 1 | D5: 1 | E5: =_xlfn.CONCAT(B5, RIGHT(_xlfn.CONCAT("0", D5), 2)) -> BZ-1201 | F5: SPWI104 | G5: Caster Crafting | H5: Core | J5: =MATCH($A5, 'Spells By School'!A:A, 0) -> #N/A | K5: =MATCH($A5, 'Spells By School'!B:B, 0) -> #N/A | L5: =MATCH($A5, 'Spells By School'!C:C, 0) -> #N/A | M5: =MATCH($A5, 'Spells By School'!D:D, 0) -> #N/A | N5: =MATCH($A5, 'Spells By School'!E:E, 0) -> #N/A | O5: =MATCH($A5, 'Spells By School'!F:F, 0) -> 5 | P5: =MATCH($A5, 'Spells By School'!G:G, 0) -> #N/A | Q5: =MATCH($A5, 'Spells By School'!H:H, 0) -> #N/A | R5: =MATCH($A5, 'Spells By School'!I:I, 0) -> #N/A | S5: =IF(ISNA($J5), IF(ISNA($K5), IF(ISNA($L5), IF(ISNA($M5), IF(ISNA($N5), IF(ISNA($O5), IF(ISNA($P5), IF(ISNA($Q5), IF(ISNA($R5), "###error###", R$1),Q$1),P$1),O$1),N$1),M$1),L$1),K$1),J$1) -> Enchantment | T5: =IF(ISNA($J5), IF(ISNA($K5), IF(ISNA($L5), IF(ISNA($M5), IF(ISNA($N5), IF(ISNA($O5), IF(ISNA($P5), IF(ISNA($Q5), IF(ISNA($R5), "###error###", "WM"),"IL"),"NE"),"EN"),"EV"),"TR"),"DI"),"CO"),"AB") -> EN | U5: =IF(ISNA($J5), IF(ISNA($K5), IF(ISNA($L5), IF(ISNA($M5), IF(ISNA($N5), IF(ISNA($O5), IF(ISNA($P5), IF(ISNA($Q5), IF(ISNA($R5), "###error###", MATCH(A5, 'Wand Mapping'!J:J,0)),MATCH(A5, 'Wand Mapping'!I:I,0)),MATCH(A5, 'Wand Mapping'!H:H,0)),MATCH(A5, 'Wand Mapping'!G:G,0)),MATCH(A5, 'Wand Mapping'!F:F,0)),MATCH(A5, 'Wand Mapping'!E:E,0)),MATCH(A5, 'Wand Mapping'!D:D,0)),MATCH(A5, 'Wand Mapping'!C:C,0)),MATCH(A5, 'Wand Mapping'!B:B,0)) -> 14 | V5: =INDEX('Wand Mapping'!K:K, U5) -> wand_ai_120 | W5: =_xlfn.CONCAT(V5, "_", T5) -> wand_ai_120_EN | Z5: =IF(ISBLANK(X5), W5, X5) -> wand_ai_120_EN | AA5: TRUE | AD5: TRUE | AH5: TRUE | AI5: TRUE | AJ5: TRUE | AK5: TRUE | AL5: TRUE | AM5: TRUE | AV5: 61006 | AW5: 61007 | BB5: 91006 | BC5: 91007 | BD5: 1006 | BE5: =IF(BD5="", "", BD5+1) -> 1007 | BF5: =AND( OR(ISBLANK(AV5), AND(MOD(AV5, 10000) = BD5, QUOTIENT(AV5, 10000) = 6)), OR(ISBLANK(AX5), AND(MOD(AX5, 10000) = BD5, QUOTIENT(AX5, 10000) = 7)), OR(ISBLANK(AZ5), AND(MOD(AZ5, 10000) = BD5, QUOTIENT(AZ5, 10000) = 8)), OR(ISBLANK(BB5), AND(MOD(BB5, 10000) = BD5, QUOTIENT(BB5, 10000) = 9)) ) -> TRUE | BG5: =AND( OR(ISBLANK(AW5), AND(MOD(AW5, 10000) = BE5, QUOTIENT(AW5, 10000) = 6)), OR(ISBLANK(AY5), AND(MOD(AY5, 10000) = BE5, QUOTIENT(AY5, 10000) = 7)), OR(ISBLANK(BA5), AND(MOD(BA5, 10000) = BE5, QUOTIENT(BA5, 10000) = 8)), OR(ISBLANK(BC5), AND(MOD(BC5, 10000) = BE5, QUOTIENT(BC5, 10000) = 9)) ) -> TRUE
A6: Color Spray | B6: BZ-13 | C6: 1 | D6: 1 | E6: =_xlfn.CONCAT(B6, RIGHT(_xlfn.CONCAT("0", D6), 2)) -> BZ-1301 | F6: SPWI105 | G6: Caster Crafting | H6: Core | J6: =MATCH($A6, 'Spells By School'!A:A, 0) -> #N/A | K6: =MATCH($A6, 'Spells By School'!B:B, 0) -> #N/A | L6: =MATCH($A6, 'Spells By School'!C:C, 0) -> #N/A | M6: =MATCH($A6, 'Spells By School'!D:D, 0) -> 13 | N6: =MATCH($A6, 'Spells By School'!E:E, 0) -> #N/A | O6: =MATCH($A6, 'Spells By School'!F:F, 0) -> #N/A | P6: =MATCH($A6, 'Spells By School'!G:G, 0) -> #N/A | Q6: =MATCH($A6, 'Spells By School'!H:H, 0) -> #N/A | R6: =MATCH($A6, 'Spells By School'!I:I, 0) -> #N/A | S6: =IF(ISNA($J6), IF(ISNA($K6), IF(ISNA($L6), IF(ISNA($M6), IF(ISNA($N6), IF(ISNA($O6), IF(ISNA($P6), IF(ISNA($Q6), IF(ISNA($R6), "###error###", R$1),Q$1),P$1),O$1),N$1),M$1),L$1),K$1),J$1) -> Transmutation | T6: =IF(ISNA($J6), IF(ISNA($K6), IF(ISNA($L6), IF(ISNA($M6), IF(ISNA($N6), IF(ISNA($O6), IF(ISNA($P6), IF(ISNA($Q6), IF(ISNA($R6), "###error###", "WM"),"IL"),"NE"),"EN"),"EV"),"TR"),"DI"),"CO"),"AB") -> TR | U6: =IF(ISNA($J6), IF(ISNA($K6), IF(ISNA($L6), IF(ISNA($M6), IF(ISNA($N6), IF(ISNA($O6), IF(ISNA($P6), IF(ISNA($Q6), IF(ISNA($R6), "###error###", MATCH(A6, 'Wand Mapping'!J:J,0)),MATCH(A6, 'Wand Mapping'!I:I,0)),MATCH(A6, 'Wand Mapping'!H:H,0)),MATCH(A6, 'Wand Mapping'!G:G,0)),MATCH(A6, 'Wand Mapping'!F:F,0)),MATCH(A6, 'Wand Mapping'!E:E,0)),MATCH(A6, 'Wand Mapping'!D:D,0)),MATCH(A6, 'Wand Mapping'!C:C,0)),MATCH(A6, 'Wand Mapping'!B:B,0)) -> 78 | V6: =INDEX('Wand Mapping'!K:K, U6) -> wand_ai_760 | W6: =_xlfn.CONCAT(V6, "_", T6) -> wand_ai_760_TR | Z6: =IF(ISBLANK(X6), W6, X6) -> wand_ai_760_TR | AA6: TRUE | AD6: TRUE | AH6: TRUE | AI6: TRUE | AJ6: TRUE | AK6: TRUE | AL6: TRUE | AM6: TRUE | AN6: TRUE | AV6: 61008 | AW6: 61009 | AX6: 71008 | AY6: 71009 | BB6: 91008 | BC6: 91009 | BD6: 1008 | BE6: =IF(BD6="", "", BD6+1) -> 1009 | BF6: =AND( OR(ISBLANK(AV6), AND(MOD(AV6, 10000) = BD6, QUOTIENT(AV6, 10000) = 6)), OR(ISBLANK(AX6), AND(MOD(AX6, 10000) = BD6, QUOTIENT(AX6, 10000) = 7)), OR(ISBLANK(AZ6), AND(MOD(AZ6, 10000) = BD6, QUOTIENT(AZ6, 10000) = 8)), OR(ISBLANK(BB6), AND(MOD(BB6, 10000) = BD6, QUOTIENT(BB6, 10000) = 9)) ) -> TRUE | BG6: =AND( OR(ISBLANK(AW6), AND(MOD(AW6, 10000) = BE6, QUOTIENT(AW6, 10000) = 6)), OR(ISBLANK(AY6), AND(MOD(AY6, 10000) = BE6, QUOTIENT(AY6, 10000) = 7)), OR(ISBLANK(BA6), AND(MOD(BA6, 10000) = BE6, QUOTIENT(BA6, 10000) = 8)), OR(ISBLANK(BC6), AND(MOD(BC6, 10000) = BE6, QUOTIENT(BC6, 10000) = 9)) ) -> TRUE
A7: Blindness | B7: BZ-14 | C7: 1 | D7: 1 | E7: =_xlfn.CONCAT(B7, RIGHT(_xlfn.CONCAT("0", D7), 2)) -> BZ-1401 | F7: SPWI106 | G7: Caster Crafting | H7: Core | J7: =MATCH($A7, 'Spells By School'!A:A, 0) -> #N/A | K7: =MATCH($A7, 'Spells By School'!B:B, 0) -> #N/A | L7: =MATCH($A7, 'Spells By School'!C:C, 0) -> #N/A | M7: =MATCH($A7, 'Spells By School'!D:D, 0) -> #N/A | N7: =MATCH($A7, 'Spells By School'!E:E, 0) -> #N/A | O7: =MATCH($A7, 'Spells By School'!F:F, 0) -> #N/A | P7: =MATCH($A7, 'Spells By School'!G:G, 0) -> #N/A | Q7: =MATCH($A7, 'Spells By School'!H:H, 0) -> 3 | R7: =MATCH($A7, 'Spells By School'!I:I, 0) -> #N/A | S7: =IF(ISNA($J7), IF(ISNA($K7), IF(ISNA($L7), IF(ISNA($M7), IF(ISNA($N7), IF(ISNA($O7), IF(ISNA($P7), IF(ISNA($Q7), IF(ISNA($R7), "###error###", R$1),Q$1),P$1),O$1),N$1),M$1),L$1),K$1),J$1) -> Illusion | T7: =IF(ISNA($J7), IF(ISNA($K7), IF(ISNA($L7), IF(ISNA($M7), IF(ISNA($N7), IF(ISNA($O7), IF(ISNA($P7), IF(ISNA($Q7), IF(ISNA($R7), "###error###", "WM"),"IL"),"NE"),"EN"),"EV"),"TR"),"DI"),"CO"),"AB") -> IL | U7: =IF(ISNA($J7), IF(ISNA($K7), IF(ISNA($L7), IF(ISNA($M7), IF(ISNA($N7), IF(ISNA($O7), IF(ISNA($P7), IF(ISNA($Q7), IF(ISNA($R7), "###error###", MATCH(A7, 'Wand Mapping'!J:J,0)),MATCH(A7, 'Wand Mapping'!I:I,0)),MATCH(A7, 'Wand Mapping'!H:H,0)),MATCH(A7, 'Wand Mapping'!G:G,0)),MATCH(A7, 'Wand Mapping'!F:F,0)),MATCH(A7, 'Wand Mapping'!E:E,0)),MATCH(A7, 'Wand Mapping'!D:D,0)),MATCH(A7, 'Wand Mapping'!C:C,0)),MATCH(A7, 'Wand Mapping'!B:B,0)) -> 58 | V7: =INDEX('Wand Mapping'!K:K, U7) -> wand_ai_560 | W7: =_xlfn.CONCAT(V7, "_", T7) -> wand_ai_560_IL | Z7: =IF(ISBLANK(X7), W7, X7) -> wand_ai_560_IL | AA7: TRUE | AD7: TRUE | AH7: TRUE | AI7: TRUE | AJ7: TRUE | AK7: TRUE | AL7: TRUE | AM7: TRUE | AV7: 61010 | AW7: 61011 | AX7: 71010 | AY7: 71011 | BD7: 1010 | BE7: =IF(BD7="", "", BD7+1) -> 1011 | BF7: =AND( OR(ISBLANK(AV7), AND(MOD(AV7, 10000) = BD7, QUOTIENT(AV7, 10000) = 6)), OR(ISBLANK(AX7), AND(MOD(AX7, 10000) = BD7, QUOTIENT(AX7, 10000) = 7)), OR(ISBLANK(AZ7), AND(MOD(AZ7, 10000) = BD7, QUOTIENT(AZ7, 10000) = 8)), OR(ISBLANK(BB7), AND(MOD(BB7, 10000) = BD7, QUOTIENT(BB7, 10000) = 9)) ) -> TRUE | BG7: =AND( OR(ISBLANK(AW7), AND(MOD(AW7, 10000) = BE7, QUOTIENT(AW7, 10000) = 6)), OR(ISBLANK(AY7), AND(MOD(AY7, 10000) = BE7, QUOTIENT(AY7, 10000) = 7)), OR(ISBLANK(BA7), AND(MOD(BA7, 10000) = BE7, QUOTIENT(BA7, 10000) = 8)), OR(ISBLANK(BC7), AND(MOD(BC7, 10000) = BE7, QUOTIENT(BC7, 10000) = 9)) ) -> TRUE
A8: Friends | B8: BZ-15 | C8: 1 | D8: 1 | E8: =_xlfn.CONCAT(B8, RIGHT(_xlfn.CONCAT("0", D8), 2)) -> BZ-1501 | F8: SPWI107 | G8: Caster Crafting | H8: Core | J8: =MATCH($A8, 'Spells By School'!A:A, 0) -> #N/A | K8: =MATCH($A8, 'Spells By School'!B:B, 0) -> #N/A | L8: =MATCH($A8, 'Spells By School'!C:C, 0) -> #N/A | M8: =MATCH($A8, 'Spells By School'!D:D, 0) -> #N/A | N8: =MATCH($A8, 'Spells By School'!E:E, 0) -> #N/A | O8: =MATCH($A8, 'Spells By School'!F:F, 0) -> 25 | P8: =MATCH($A8, 'Spells By School'!G:G, 0) -> #N/A | Q8: =MATCH($A8, 'Spells By School'!H:H, 0) -> #N/A | R8: =MATCH($A8, 'Spells By School'!I:I, 0) -> #N/A | S8: =IF(ISNA($J8), IF(ISNA($K8), IF(ISNA($L8), IF(ISNA($M8), IF(ISNA($N8), IF(ISNA($O8), IF(ISNA($P8), IF(ISNA($Q8), IF(ISNA($R8), "###error###", R$1),Q$1),P$1),O$1),N$1),M$1),L$1),K$1),J$1) -> Enchantment | T8: =IF(ISNA($J8), IF(ISNA($K8), IF(ISNA($L8), IF(ISNA($M8), IF(ISNA($N8), IF(ISNA($O8), IF(ISNA($P8), IF(ISNA($Q8), IF(ISNA($R8), "###error###", "WM"),"IL"),"NE"),"EN"),"EV"),"TR"),"DI"),"CO"),"AB") -> EN | U8: =IF(ISNA($J8), IF(ISNA($K8), IF(ISNA($L8), IF(ISNA($M8), IF(ISNA($N8), IF(ISNA($O8), IF(ISNA($P8), IF(ISNA($Q8), IF(ISNA($R8), "###error###", MATCH(A8, 'Wand Mapping'!J:J,0)),MATCH(A8, 'Wand Mapping'!I:I,0)),MATCH(A8, 'Wand Mapping'!H:H,0)),MATCH(A8, 'Wand Mapping'!G:G,0)),MATCH(A8, 'Wand Mapping'!F:F,0)),MATCH(A8, 'Wand Mapping'!E:E,0)),MATCH(A8, 'Wand Mapping'!D:D,0)),MATCH(A8, 'Wand Mapping'!C:C,0)),MATCH(A8, 'Wand Mapping'!B:B,0)) -> 12 | V8: =INDEX('Wand Mapping'!K:K, U8) -> wand_ai_100 | W8: =_xlfn.CONCAT(V8, "_", T8) -> wand_ai_100_EN | Z8: =IF(ISBLANK(X8), W8, X8) -> wand_ai_100_EN | AA8: TRUE | AD8: TRUE | AH8: TRUE | AI8: TRUE | AJ8: TRUE | AK8: TRUE | AL8: TRUE | AM8: TRUE | AN8: TRUE | AV8: 61012 | AW8: 61013 | AX8: 71012 | AY8: 71013 | BD8: 1012 | BE8: =IF(BD8="", "", BD8+1) -> 1013 | BF8: =AND( OR(ISBLANK(AV8), AND(MOD(AV8, 10000) = BD8, QUOTIENT(AV8, 10000) = 6)), OR(ISBLANK(AX8), AND(MOD(AX8, 10000) = BD8, QUOTIENT(AX8, 10000) = 7)), OR(ISBLANK(AZ8), AND(MOD(AZ8, 10000) = BD8, QUOTIENT(AZ8, 10000) = 8)), OR(ISBLANK(BB8), AND(MOD(BB8, 10000) = BD8, QUOTIENT(BB8, 10000) = 9)) ) -> TRUE | BG8: =AND( OR(ISBLANK(AW8), AND(MOD(AW8, 10000) = BE8, QUOTIENT(AW8, 10000) = 6)), OR(ISBLANK(AY8), AND(MOD(AY8, 10000) = BE8, QUOTIENT(AY8, 10000) = 7)), OR(ISBLANK(BA8), AND(MOD(BA8, 10000) = BE8, QUOTIENT(BA8, 10000) = 8)), OR(ISBLANK(BC8), AND(MOD(BC8, 10000) = BE8, QUOTIENT(BC8, 10000) = 9)) ) -> TRUE
A9: Protection from Petrification | B9: BZ-16 | C9: 1 | D9: 1 | E9: =_xlfn.CONCAT(B9, RIGHT(_xlfn.CONCAT("0", D9), 2)) -> BZ-1601 | F9: SPWI108 | G9: Caster Crafting | H9: Core | J9: =MATCH($A9, 'Spells By School'!A:A, 0) -> 52 | K9: =MATCH($A9, 'Spells By School'!B:B, 0) -> #N/A | L9: =MATCH($A9, 'Spells By School'!C:C, 0) -> #N/A | M9: =MATCH($A9, 'Spells By School'!D:D, 0) -> #N/A | N9: =MATCH($A9, 'Spells By School'!E:E, 0) -> #N/A | O9: =MATCH($A9, 'Spells By School'!F:F, 0) -> #N/A | P9: =MATCH($A9, 'Spells By School'!G:G, 0) -> #N/A | Q9: =MATCH($A9, 'Spells By School'!H:H, 0) -> #N/A | R9: =MATCH($A9, 'Spells By School'!I:I, 0) -> #N/A | S9: =IF(ISNA($J9), IF(ISNA($K9), IF(ISNA($L9), IF(ISNA($M9), IF(ISNA($N9), IF(ISNA($O9), IF(ISNA($P9), IF(ISNA($Q9), IF(ISNA($R9), "###error###", R$1),Q$1),P$1),O$1),N$1),M$1),L$1),K$1),J$1) -> Abjuration | T9: =IF(ISNA($J9), IF(ISNA($K9), IF(ISNA($L9), IF(ISNA($M9), IF(ISNA($N9), IF(ISNA($O9), IF(ISNA($P9), IF(ISNA($Q9), IF(ISNA($R9), "###error###", "WM"),"IL"),"NE"),"EN"),"EV"),"TR"),"DI"),"CO"),"AB") -> AB | U9: =IF(ISNA($J9), IF(ISNA($K9), IF(ISNA($L9), IF(ISNA($M9), IF(ISNA($N9), IF(ISNA($O9), IF(ISNA($P9), IF(ISNA($Q9), IF(ISNA($R9), "###error###", MATCH(A9, 'Wand Mapping'!J:J,0)),MATCH(A9, 'Wand Mapping'!I:I,0)),MATCH(A9, 'Wand Mapping'!H:H,0)),MATCH(A9, 'Wand Mapping'!G:G,0)),MATCH(A9, 'Wand Mapping'!F:F,0)),MATCH(A9, 'Wand Mapping'!E:E,0)),MATCH(A9, 'Wand Mapping'!D:D,0)),MATCH(A9, 'Wand Mapping'!C:C,0)),MATCH(A9, 'Wand Mapping'!B:B,0)) -> 98 | V9: =INDEX('Wand Mapping'!K:K, U9) -> wand_ai_960 | W9: =_xlfn.CONCAT(V9, "_", T9) -> wand_ai_960_AB | Z9: =IF(ISBLANK(X9), W9, X9) -> wand_ai_960_AB | AA9: TRUE | AD9: TRUE | AH9: TRUE | AI9: TRUE | AJ9: TRUE | AK9: TRUE | AL9: TRUE | AM9: TRUE | AN9: TRUE | AV9: 61014 | AW9: 61015 | AX9: 71014 | AY9: 71015 | BD9: 1014 | BE9: =IF(BD9="", "", BD9+1) -> 1015 | BF9: =AND( OR(ISBLANK(AV9), AND(MOD(AV9, 10000) = BD9, QUOTIENT(AV9, 10000) = 6)), OR(ISBLANK(AX9), AND(MOD(AX9, 10000) = BD9, QUOTIENT(AX9, 10000) = 7)), OR(ISBLANK(AZ9), AND(MOD(AZ9, 10000) = BD9, QUOTIENT(AZ9, 10000) = 8)), OR(ISBLANK(BB9), AND(MOD(BB9, 10000) = BD9, QUOTIENT(BB9, 10000) = 9)) ) -> TRUE | BG9: =AND( OR(ISBLANK(AW9), AND(MOD(AW9, 10000) = BE9, QUOTIENT(AW9, 10000) = 6)), OR(ISBLANK(AY9), AND(MOD(AY9, 10000) = BE9, QUOTIENT(AY9, 10000) = 7)), OR(ISBLANK(BA9), AND(MOD(BA9, 10000) = BE9, QUOTIENT(BA9, 10000) = 8)), OR(ISBLANK(BC9), AND(MOD(BC9, 10000) = BE9, QUOTIENT(BC9, 10000) = 9)) ) -> TRUE
A10: Identify | B10: BZ-17 | C10: 1 | D10: 1 | E10: =_xlfn.CONCAT(B10, RIGHT(_xlfn.CONCAT("0", D10), 2)) -> BZ-1701 | F10: SPWI110 | G10: Caster Crafting | H10: Core | J10: =MATCH($A10, 'Spells By School'!A:A, 0) -> #N/A | K10: =MATCH($A10, 'Spells By School'!B:B, 0) -> #N/A | L10: =MATCH($A10, 'Spells By School'!C:C, 0) -> 15 | M10: =MATCH($A10, 'Spells By School'!D:D, 0) -> #N/A | N10: =MATCH($A10, 'Spells By School'!E:E, 0) -> #N/A | O10: =MATCH($A10, 'Spells By School'!F:F, 0) -> #N/A | P10: =MATCH($A10, 'Spells By School'!G:G, 0) -> #N/A | Q10: =MATCH($A10, 'Spells By School'!H:H, 0) -> #N/A | R10: =MATCH($A10, 'Spells By School'!I:I, 0) -> #N/A | S10: =IF(ISNA($J10), IF(ISNA($K10), IF(ISNA($L10), IF(ISNA($M10), IF(ISNA($N10), IF(ISNA($O10), IF(ISNA($P10), IF(ISNA($Q10), IF(ISNA($R10), "###error###", R$1),Q$1),P$1),O$1),N$1),M$1),L$1),K$1),J$1) -> Divination | T10: =IF(ISNA($J10), IF(ISNA($K10), IF(ISNA($L10), IF(ISNA($M10), IF(ISNA($N10), IF(ISNA($O10), IF(ISNA($P10), IF(ISNA($Q10), IF(ISNA($R10), "###error###", "WM"),"IL"),"NE"),"EN"),"EV"),"TR"),"DI"),"CO"),"AB") -> DI | U10: =IF(ISNA($J10), IF(ISNA($K10), IF(ISNA($L10), IF(ISNA($M10), IF(ISNA($N10), IF(ISNA($O10), IF(ISNA($P10), IF(ISNA($Q10), IF(ISNA($R10), "###error###", MATCH(A10, 'Wand Mapping'!J:J,0)),MATCH(A10, 'Wand Mapping'!I:I,0)),MATCH(A10, 'Wand Mapping'!H:H,0)),MATCH(A10, 'Wand Mapping'!G:G,0)),MATCH(A10, 'Wand Mapping'!F:F,0)),MATCH(A10, 'Wand Mapping'!E:E,0)),MATCH(A10, 'Wand Mapping'!D:D,0)),MATCH(A10, 'Wand Mapping'!C:C,0)),MATCH(A10, 'Wand Mapping'!B:B,0)) -> 99 | V10: =INDEX('Wand Mapping'!K:K, U10) -> wand_ai_970 | W10: =_xlfn.CONCAT(V10, "_", T10) -> wand_ai_970_DI | Z10: =IF(ISBLANK(X10), W10, X10) -> wand_ai_970_DI | AA10: TRUE | AD10: TRUE | AH10: TRUE | AI10: TRUE | AJ10: TRUE | AK10: TRUE | AL10: TRUE | AM10: TRUE | AN10: TRUE | AV10: 61016 | AW10: 61017 | BB10: 91016 | BC10: 91017 | BD10: 1016 | BE10: =IF(BD10="", "", BD10+1) -> 1017 | BF10: =AND( OR(ISBLANK(AV10), AND(MOD(AV10, 10000) = BD10, QUOTIENT(AV10, 10000) = 6)), OR(ISBLANK(AX10), AND(MOD(AX10, 10000) = BD10, QUOTIENT(AX10, 10000) = 7)), OR(ISBLANK(AZ10), AND(MOD(AZ10, 10000) = BD10, QUOTIENT(AZ10, 10000) = 8)), OR(ISBLANK(BB10), AND(MOD(BB10, 10000) = BD10, QUOTIENT(BB10, 10000) = 9)) ) -> TRUE | BG10: =AND( OR(ISBLANK(AW10), AND(MOD(AW10, 10000) = BE10, QUOTIENT(AW10, 10000) = 6)), OR(ISBLANK(AY10), AND(MOD(AY10, 10000) = BE10, QUOTIENT(AY10, 10000) = 7)), OR(ISBLANK(BA10), AND(MOD(BA10, 10000) = BE10, QUOTIENT(BA10, 10000) = 8)), OR(ISBLANK(BC10), AND(MOD(BC10, 10000) = BE10, QUOTIENT(BC10, 10000) = 9)) ) -> TRUE
A11: Infravision | B11: BZ-18 | C11: 1 | D11: 1 | E11: =_xlfn.CONCAT(B11, RIGHT(_xlfn.CONCAT("0", D11), 2)) -> BZ-1801 | F11: SPWI111 | G11: Caster Crafting | H11: Core | J11: =MATCH($A11, 'Spells By School'!A:A, 0) -> #N/A | K11: =MATCH($A11, 'Spells By School'!B:B, 0) -> #N/A | L11: =MATCH($A11, 'Spells By School'!C:C, 0) -> 16 | M11: =MATCH($A11, 'Spells By School'!D:D, 0) -> #N/A | N11: =MATCH($A11, 'Spells By School'!E:E, 0) -> #N/A | O11: =MATCH($A11, 'Spells By School'!F:F, 0) -> #N/A | P11: =MATCH($A11, 'Spells By School'!G:G, 0) -> #N/A | Q11: =MATCH($A11, 'Spells By School'!H:H, 0) -> #N/A | R11: =MATCH($A11, 'Spells By School'!I:I, 0) -> #N/A | S11: =IF(ISNA($J11), IF(ISNA($K11), IF(ISNA($L11), IF(ISNA($M11), IF(ISNA($N11), IF(ISNA($O11), IF(ISNA($P11), IF(ISNA($Q11), IF(ISNA($R11), "###error###", R$1),Q$1),P$1),O$1),N$1),M$1),L$1),K$1),J$1) -> Divination | T11: =IF(ISNA($J11), IF(ISNA($K11), IF(ISNA($L11), IF(ISNA($M11), IF(ISNA($N11), IF(ISNA($O11), IF(ISNA($P11), IF(ISNA($Q11), IF(ISNA($R11), "###error###", "WM"),"IL"),"NE"),"EN"),"EV"),"TR"),"DI"),"CO"),"AB") -> DI | U11: =IF(ISNA($J11), IF(ISNA($K11), IF(ISNA($L11), IF(ISNA($M11), IF(ISNA($N11), IF(ISNA($O11), IF(ISNA($P11), IF(ISNA($Q11), IF(ISNA($R11), "###error###", MATCH(A11, 'Wand Mapping'!J:J,0)),MATCH(A11, 'Wand Mapping'!I:I,0)),MATCH(A11, 'Wand Mapping'!H:H,0)),MATCH(A11, 'Wand Mapping'!G:G,0)),MATCH(A11, 'Wand Mapping'!F:F,0)),MATCH(A11, 'Wand Mapping'!E:E,0)),MATCH(A11, 'Wand Mapping'!D:D,0)),MATCH(A11, 'Wand Mapping'!C:C,0)),MATCH(A11, 'Wand Mapping'!B:B,0)) -> 12 | V11: =INDEX('Wand Mapping'!K:K, U11) -> wand_ai_100 | W11: =_xlfn.CONCAT(V11, "_", T11) -> wand_ai_100_DI | Z11: =IF(ISBLANK(X11), W11, X11) -> wand_ai_100_DI | AA11: TRUE | AD11: TRUE | AH11: TRUE | AI11: TRUE | AJ11: TRUE | AK11: TRUE | AL11: TRUE | AM11: TRUE | AN11: TRUE | AV11: 61018 | AW11: 61019 | AX11: 71018 | AY11: 71019 | BD11: 1018 | BE11: =IF(BD11="", "", BD11+1) -> 1019 | BF11: =AND( OR(ISBLANK(AV11), AND(MOD(AV11, 10000) = BD11, QUOTIENT(AV11, 10000) = 6)), OR(ISBLANK(AX11), AND(MOD(AX11, 10000) = BD11, QUOTIENT(AX11, 10000) = 7)), OR(ISBLANK(AZ11), AND(MOD(AZ11, 10000) = BD11, QUOTIENT(AZ11, 10000) = 8)), OR(ISBLANK(BB11), AND(MOD(BB11, 10000) = BD11, QUOTIENT(BB11, 10000) = 9)) ) -> TRUE | BG11: =AND( OR(ISBLANK(AW11), AND(MOD(AW11, 10000) = BE11, QUOTIENT(AW11, 10000) = 6)), OR(ISBLANK(AY11), AND(MOD(AY11, 10000) = BE11, QUOTIENT(AY11, 10000) = 7)), OR(ISBLANK(BA11), AND(MOD(BA11, 10000) = BE11, QUOTIENT(BA11, 10000) = 8)), OR(ISBLANK(BC11), AND(MOD(BC11, 10000) = BE11, QUOTIENT(BC11, 10000) = 9)) ) -> TRUE
A12: Magic Missile | B12: BZ-19 | C12: 1 | D12: 1 | E12: =_xlfn.CONCAT(B12, RIGHT(_xlfn.CONCAT("0", D12), 2)) -> BZ-1901 | F12: SPWI112 | G12: Caster Crafting | H12: Core | J12: =MATCH($A12, 'Spells By School'!A:A, 0) -> #N/A | K12: =MATCH($A12, 'Spells By School'!B:B, 0) -> #N/A | L12: =MATCH($A12, 'Spells By School'!C:C, 0) -> #N/A | M12: =MATCH($A12, 'Spells By School'!D:D, 0) -> #N/A | N12: =MATCH($A12, 'Spells By School'!E:E, 0) -> #N/A | O12: =MATCH($A12, 'Spells By School'!F:F, 0) -> #N/A | P12: =MATCH($A12, 'Spells By School'!G:G, 0) -> #N/A | Q12: =MATCH($A12, 'Spells By School'!H:H, 0) -> #N/A | R12: =MATCH($A12, 'Spells By School'!I:I, 0) -> #N/A | S12: =IF(ISNA($J12), IF(ISNA($K12), IF(ISNA($L12), IF(ISNA($M12), IF(ISNA($N12), IF(ISNA($O12), IF(ISNA($P12), IF(ISNA($Q12), IF(ISNA($R12), "###error###", R$1),Q$1),P$1),O$1),N$1),M$1),L$1),K$1),J$1) -> ###error### | T12: =IF(ISNA($J12), IF(ISNA($K12), IF(ISNA($L12), IF(ISNA($M12), IF(ISNA($N12), IF(ISNA($O12), IF(ISNA($P12), IF(ISNA($Q12), IF(ISNA($R12), "###error###", "WM"),"IL"),"NE"),"EN"),"EV"),"TR"),"DI"),"CO"),"AB") -> ###error### | U12: =IF(ISNA($J12), IF(ISNA($K12), IF(ISNA($L12), IF(ISNA($M12), IF(ISNA($N12), IF(ISNA($O12), IF(ISNA($P12), IF(ISNA($Q12), IF(ISNA($R12), "###error###", MATCH(A12, 'Wand Mapping'!J:J,0)),MATCH(A12, 'Wand Mapping'!I:I,0)),MATCH(A12, 'Wand Mapping'!H:H,0)),MATCH(A12, 'Wand Mapping'!G:G,0)),MATCH(A12, 'Wand Mapping'!F:F,0)),MATCH(A12, 'Wand Mapping'!E:E,0)),MATCH(A12, 'Wand Mapping'!D:D,0)),MATCH(A12, 'Wand Mapping'!C:C,0)),MATCH(A12, 'Wand Mapping'!B:B,0)) -> ###error### | V12: =INDEX('Wand Mapping'!K:K, U12) -> #VALUE! | W12: =_xlfn.CONCAT(V12, "_", T12) -> #VALUE! | X12: IWAND03 | Z12: =IF(ISBLANK(X12), W12, X12) -> IWAND03 | AA12: TRUE | AD12: TRUE | AH12: TRUE | AI12: TRUE | AJ12: TRUE | AK12: TRUE | AL12: TRUE | AM12: TRUE | AN12: TRUE | AV12: 61020 | AW12: 61021 | BB12: 91020 | BC12: 91021 | BD12: 1020 | BE12: =IF(BD12="", "", BD12+1) -> 1021 | BF12: =AND( OR(ISBLANK(AV12), AND(MOD(AV12, 10000) = BD12, QUOTIENT(AV12, 10000) = 6)), OR(ISBLANK(AX12), AND(MOD(AX12, 10000) = BD12, QUOTIENT(AX12, 10000) = 7)), OR(ISBLANK(AZ12), AND(MOD(AZ12, 10000) = BD12, QUOTIENT(AZ12, 10000) = 8)), OR(ISBLANK(BB12), AND(MOD(BB12, 10000) = BD12, QUOTIENT(BB12, 10000) = 9)) ) -> TRUE | BG12: =AND( OR(ISBLANK(AW12), AND(MOD(AW12, 10000) = BE12, QUOTIENT(AW12, 10000) = 6)), OR(ISBLANK(AY12), AND(MOD(AY12, 10000) = BE12, QUOTIENT(AY12, 10000) = 7)), OR(ISBLANK(BA12), AND(MOD(BA12, 10000) = BE12, QUOTIENT(BA12, 10000) = 8)), OR(ISBLANK(BC12), AND(MOD(BC12, 10000) = BE12, QUOTIENT(BC12, 10000) = 9)) ) -> TRUE
A13: Protection from Evil | B13: BZ-1A | C13: 1 | D13: 1 | E13: =_xlfn.CONCAT(B13, RIGHT(_xlfn.CONCAT("0", D13), 2)) -> BZ-1A01 | F13: SPWI113 | G13: Caster Crafting | H13: Core | J13: =MATCH($A13, 'Spells By School'!A:A, 0) -> 44 | K13: =MATCH($A13, 'Spells By School'!B:B, 0) -> #N/A | L13: =MATCH($A13, 'Spells By School'!C:C, 0) -> #N/A | M13: =MATCH($A13, 'Spells By School'!D:D, 0) -> #N/A | N13: =MATCH($A13, 'Spells By School'!E:E, 0) -> #N/A | O13: =MATCH($A13, 'Spells By School'!F:F, 0) -> #N/A | P13: =MATCH($A13, 'Spells By School'!G:G, 0) -> #N/A | Q13: =MATCH($A13, 'Spells By School'!H:H, 0) -> #N/A | R13: =MATCH($A13, 'Spells By School'!I:I, 0) -> #N/A | S13: =IF(ISNA($J13), IF(ISNA($K13), IF(ISNA($L13), IF(ISNA($M13), IF(ISNA($N13), IF(ISNA($O13), IF(ISNA($P13), IF(ISNA($Q13), IF(ISNA($R13), "###error###", R$1),Q$1),P$1),O$1),N$1),M$1),L$1),K$1),J$1) -> Abjuration | T13: =IF(ISNA($J13), IF(ISNA($K13), IF(ISNA($L13), IF(ISNA($M13), IF(ISNA($N13), IF(ISNA($O13), IF(ISNA($P13), IF(ISNA($Q13), IF(ISNA($R13), "###error###", "WM"),"IL"),"NE"),"EN"),"EV"),"TR"),"DI"),"CO"),"AB") -> AB | U13: =IF(ISNA($J13), IF(ISNA($K13), IF(ISNA($L13), IF(ISNA($M13), IF(ISNA($N13), IF(ISNA($O13), IF(ISNA($P13), IF(ISNA($Q13), IF(ISNA($R13), "###error###", MATCH(A13, 'Wand Mapping'!J:J,0)),MATCH(A13, 'Wand Mapping'!I:I,0)),MATCH(A13, 'Wand Mapping'!H:H,0)),MATCH(A13, 'Wand Mapping'!G:G,0)),MATCH(A13, 'Wand Mapping'!F:F,0)),MATCH(A13, 'Wand Mapping'!E:E,0)),MATCH(A13, 'Wand Mapping'!D:D,0)),MATCH(A13, 'Wand Mapping'!C:C,0)),MATCH(A13, 'Wand Mapping'!B:B,0)) -> 15 | V13: =INDEX('Wand Mapping'!K:K, U13) -> wand_ai_130 | W13: =_xlfn.CONCAT(V13, "_", T13) -> wand_ai_130_AB | Z13: =IF(ISBLANK(X13), W13, X13) -> wand_ai_130_AB | AA13: TRUE | AB13: TRUE | AD13: TRUE | AE13: TRUE | AH13: TRUE | AI13: TRUE | AJ13: TRUE | AK13: TRUE | AL13: TRUE | AM13: TRUE | AN13: TRUE | AV13: 61022 | AW13: 61023 | AX13: 71022 | AY13: 71023 | BD13: 1022 | BE13: =IF(BD13="", "", BD13+1) -> 1023 | BF13: =AND( OR(ISBLANK(AV13), AND(MOD(AV13, 10000) = BD13, QUOTIENT(AV13, 10000) = 6)), OR(ISBLANK(AX13), AND(MOD(AX13, 10000) = BD13, QUOTIENT(AX13, 10000) = 7)), OR(ISBLANK(AZ13), AND(MOD(AZ13, 10000) = BD13, QUOTIENT(AZ13, 10000) = 8)), OR(ISBLANK(BB13), AND(MOD(BB13, 10000) = BD13, QUOTIENT(BB13, 10000) = 9)) ) -> TRUE | BG13: =AND( OR(ISBLANK(AW13), AND(MOD(AW13, 10000) = BE13, QUOTIENT(AW13, 10000) = 6)), OR(ISBLANK(AY13), AND(MOD(AY13, 10000) = BE13, QUOTIENT(AY13, 10000) = 7)), OR(ISBLANK(BA13), AND(MOD(BA13, 10000) = BE13, QUOTIENT(BA13, 10000) = 8)), OR(ISBLANK(BC13), AND(MOD(BC13, 10000) = BE13, QUOTIENT(BC13, 10000) = 9)) ) -> TRUE
A14: Shield | B14: BZ-1B | C14: 1 | D14: 1 | E14: =_xlfn.CONCAT(B14, RIGHT(_xlfn.CONCAT("0", D14), 2)) -> BZ-1B01 | F14: SPWI114 | G14: Caster Crafting | H14: Core | J14: =MATCH($A14, 'Spells By School'!A:A, 0) -> #N/A | K14: =MATCH($A14, 'Spells By School'!B:B, 0) -> #N/A | L14: =MATCH($A14, 'Spells By School'!C:C, 0) -> #N/A | M14: =MATCH($A14, 'Spells By School'!D:D, 0) -> #N/A | N14: =MATCH($A14, 'Spells By School'!E:E, 0) -> 63 | O14: =MATCH($A14, 'Spells By School'!F:F, 0) -> #N/A | P14: =MATCH($A14, 'Spells By School'!G:G, 0) -> #N/A | Q14: =MATCH($A14, 'Spells By School'!H:H, 0) -> #N/A | R14: =MATCH($A14, 'Spells By School'!I:I, 0) -> #N/A | S14: =IF(ISNA($J14), IF(ISNA($K14), IF(ISNA($L14), IF(ISNA($M14), IF(ISNA($N14), IF(ISNA($O14), IF(ISNA($P14), IF(ISNA($Q14), IF(ISNA($R14), "###error###", R$1),Q$1),P$1),O$1),N$1),M$1),L$1),K$1),J$1) -> Invocation | T14: =IF(ISNA($J14), IF(ISNA($K14), IF(ISNA($L14), IF(ISNA($M14), IF(ISNA($N14), IF(ISNA($O14), IF(ISNA($P14), IF(ISNA($Q14), IF(ISNA($R14), "###error###", "WM"),"IL"),"NE"),"EN"),"EV"),"TR"),"DI"),"CO"),"AB") -> EV | U14: =IF(ISNA($J14), IF(ISNA($K14), IF(ISNA($L14), IF(ISNA($M14), IF(ISNA($N14), IF(ISNA($O14), IF(ISNA($P14), IF(ISNA($Q14), IF(ISNA($R14), "###error###", MATCH(A14, 'Wand Mapping'!J:J,0)),MATCH(A14, 'Wand Mapping'!I:I,0)),MATCH(A14, 'Wand Mapping'!H:H,0)),MATCH(A14, 'Wand Mapping'!G:G,0)),MATCH(A14, 'Wand Mapping'!F:F,0)),MATCH(A14, 'Wand Mapping'!E:E,0)),MATCH(A14, 'Wand Mapping'!D:D,0)),MATCH(A14, 'Wand Mapping'!C:C,0)),MATCH(A14, 'Wand Mapping'!B:B,0)) -> 91 | V14: =INDEX('Wand Mapping'!K:K, U14) -> wand_ai_890 | W14: =_xlfn.CONCAT(V14, "_", T14) -> wand_ai_890_EV | Z14: =IF(ISBLANK(X14), W14, X14) -> wand_ai_890_EV | AA14: TRUE | AD14: TRUE | AH14: TRUE | AI14: TRUE | AJ14: TRUE | AK14: TRUE | AL14: TRUE | AM14: TRUE | AN14: TRUE | AV14: 61024 | AW14: 61025 | BB14: 91024 | BC14: 91025 | BD14: 1024 | BE14: =IF(BD14="", "", BD14+1) -> 1025 | BF14: =AND( OR(ISBLANK(AV14), AND(MOD(AV14, 10000) = BD14, QUOTIENT(AV14, 10000) = 6)), OR(ISBLANK(AX14), AND(MOD(AX14, 10000) = BD14, QUOTIENT(AX14, 10000) = 7)), OR(ISBLANK(AZ14), AND(MOD(AZ14, 10000) = BD14, QUOTIENT(AZ14, 10000) = 8)), OR(ISBLANK(BB14), AND(MOD(BB14, 10000) = BD14, QUOTIENT(BB14, 10000) = 9)) ) -> TRUE | BG14: =AND( OR(ISBLANK(AW14), AND(MOD(AW14, 10000) = BE14, QUOTIENT(AW14, 10000) = 6)), OR(ISBLANK(AY14), AND(MOD(AY14, 10000) = BE14, QUOTIENT(AY14, 10000) = 7)), OR(ISBLANK(BA14), AND(MOD(BA14, 10000) = BE14, QUOTIENT(BA14, 10000) = 8)), OR(ISBLANK(BC14), AND(MOD(BC14, 10000) = BE14, QUOTIENT(BC14, 10000) = 9)) ) -> TRUE
A15: Shocking Grasp | B15: BZ-1C | C15: 1 | D15: 1 | E15: =_xlfn.CONCAT(B15, RIGHT(_xlfn.CONCAT("0", D15), 2)) -> BZ-1C01 | F15: SPWI115 | G15: Caster Crafting | H15: Core | J15: =MATCH($A15, 'Spells By School'!A:A, 0) -> #N/A | K15: =MATCH($A15, 'Spells By School'!B:B, 0) -> #N/A | L15: =MATCH($A15, 'Spells By School'!C:C, 0) -> #N/A | M15: =MATCH($A15, 'Spells By School'!D:D, 0) -> 63 | N15: =MATCH($A15, 'Spells By School'!E:E, 0) -> #N/A | O15: =MATCH($A15, 'Spells By School'!F:F, 0) -> #N/A | P15: =MATCH($A15, 'Spells By School'!G:G, 0) -> #N/A | Q15: =MATCH($A15, 'Spells By School'!H:H, 0) -> #N/A | R15: =MATCH($A15, 'Spells By School'!I:I, 0) -> #N/A | S15: =IF(ISNA($J15), IF(ISNA($K15), IF(ISNA($L15), IF(ISNA($M15), IF(ISNA($N15), IF(ISNA($O15), IF(ISNA($P15), IF(ISNA($Q15), IF(ISNA($R15), "###error###", R$1),Q$1),P$1),O$1),N$1),M$1),L$1),K$1),J$1) -> Transmutation | T15: =IF(ISNA($J15), IF(ISNA($K15), IF(ISNA($L15), IF(ISNA($M15), IF(ISNA($N15), IF(ISNA($O15), IF(ISNA($P15), IF(ISNA($Q15), IF(ISNA($R15), "###error###", "WM"),"IL"),"NE"),"EN"),"EV"),"TR"),"DI"),"CO"),"AB") -> TR | U15: =IF(ISNA($J15), IF(ISNA($K15), IF(ISNA($L15), IF(ISNA($M15), IF(ISNA($N15), IF(ISNA($O15), IF(ISNA($P15), IF(ISNA($Q15), IF(ISNA($R15), "###error###", MATCH(A15, 'Wand Mapping'!J:J,0)),MATCH(A15, 'Wand Mapping'!I:I,0)),MATCH(A15, 'Wand Mapping'!H:H,0)),MATCH(A15, 'Wand Mapping'!G:G,0)),MATCH(A15, 'Wand Mapping'!F:F,0)),MATCH(A15, 'Wand Mapping'!E:E,0)),MATCH(A15, 'Wand Mapping'!D:D,0)),MATCH(A15, 'Wand Mapping'!C:C,0)),MATCH(A15, 'Wand Mapping'!B:B,0)) -> 20 | V15: =INDEX('Wand Mapping'!K:K, U15) -> wand_ai_180 | W15: =_xlfn.CONCAT(V15, "_", T15) -> wand_ai_180_TR | Z15: =IF(ISBLANK(X15), W15, X15) -> wand_ai_180_TR | AA15: TRUE | AD15: TRUE | AH15: TRUE | AI15: TRUE | AJ15: TRUE | AK15: TRUE | AL15: TRUE | AM15: TRUE | AN15: TRUE | AV15: 61026 | AW15: 61027 | AX15: 71026 | AY15: 71027 | BB15: 91026 | BC15: 91027 | BD15: 1026 | BE15: =IF(BD15="", "", BD15+1) -> 1027 | BF15: =AND( OR(ISBLANK(AV15), AND(MOD(AV15, 10000) = BD15, QUOTIENT(AV15, 10000) = 6)), OR(ISBLANK(AX15), AND(MOD(AX15, 10000) = BD15, QUOTIENT(AX15, 10000) = 7)), OR(ISBLANK(AZ15), AND(MOD(AZ15, 10000) = BD15, QUOTIENT(AZ15, 10000) = 8)), OR(ISBLANK(BB15), AND(MOD(BB15, 10000) = BD15, QUOTIENT(BB15, 10000) = 9)) ) -> TRUE | BG15: =AND( OR(ISBLANK(AW15), AND(MOD(AW15, 10000) = BE15, QUOTIENT(AW15, 10000) = 6)), OR(ISBLANK(AY15), AND(MOD(AY15, 10000) = BE15, QUOTIENT(AY15, 10000) = 7)), OR(ISBLANK(BA15), AND(MOD(BA15, 10000) = BE15, QUOTIENT(BA15, 10000) = 8)), OR(ISBLANK(BC15), AND(MOD(BC15, 10000) = BE15, QUOTIENT(BC15, 10000) = 9)) ) -> TRUE
A16: Sleep | B16: BZ-1D | C16: 1 | D16: 1 | E16: =_xlfn.CONCAT(B16, RIGHT(_xlfn.CONCAT("0", D16), 2)) -> BZ-1D01 | F16: SPWI116 | G16: Caster Crafting | H16: Core | J16: =MATCH($A16, 'Spells By School'!A:A, 0) -> #N/A | K16: =MATCH($A16, 'Spells By School'!B:B, 0) -> #N/A | L16: =MATCH($A16, 'Spells By School'!C:C, 0) -> #N/A | M16: =MATCH($A16, 'Spells By School'!D:D, 0) -> #N/A | N16: =MATCH($A16, 'Spells By School'!E:E, 0) -> #N/A | O16: =MATCH($A16, 'Spells By School'!F:F, 0) -> #N/A | P16: =MATCH($A16, 'Spells By School'!G:G, 0) -> #N/A | Q16: =MATCH($A16, 'Spells By School'!H:H, 0) -> #N/A | R16: =MATCH($A16, 'Spells By School'!I:I, 0) -> #N/A | S16: =IF(ISNA($J16), IF(ISNA($K16), IF(ISNA($L16), IF(ISNA($M16), IF(ISNA($N16), IF(ISNA($O16), IF(ISNA($P16), IF(ISNA($Q16), IF(ISNA($R16), "###error###", R$1),Q$1),P$1),O$1),N$1),M$1),L$1),K$1),J$1) -> ###error### | T16: =IF(ISNA($J16), IF(ISNA($K16), IF(ISNA($L16), IF(ISNA($M16), IF(ISNA($N16), IF(ISNA($O16), IF(ISNA($P16), IF(ISNA($Q16), IF(ISNA($R16), "###error###", "WM"),"IL"),"NE"),"EN"),"EV"),"TR"),"DI"),"CO"),"AB") -> ###error### | U16: =IF(ISNA($J16), IF(ISNA($K16), IF(ISNA($L16), IF(ISNA($M16), IF(ISNA($N16), IF(ISNA($O16), IF(ISNA($P16), IF(ISNA($Q16), IF(ISNA($R16), "###error###", MATCH(A16, 'Wand Mapping'!J:J,0)),MATCH(A16, 'Wand Mapping'!I:I,0)),MATCH(A16, 'Wand Mapping'!H:H,0)),MATCH(A16, 'Wand Mapping'!G:G,0)),MATCH(A16, 'Wand Mapping'!F:F,0)),MATCH(A16, 'Wand Mapping'!E:E,0)),MATCH(A16, 'Wand Mapping'!D:D,0)),MATCH(A16, 'Wand Mapping'!C:C,0)),MATCH(A16, 'Wand Mapping'!B:B,0)) -> ###error### | V16: =INDEX('Wand Mapping'!K:K, U16) -> #VALUE! | W16: =_xlfn.CONCAT(V16, "_", T16) -> #VALUE! | X16: IWAND08 | Z16: =IF(ISBLANK(X16), W16, X16) -> IWAND08 | AA16: TRUE | AD16: TRUE | AH16: TRUE | AI16: TRUE | AJ16: TRUE | AK16: TRUE | AL16: TRUE | AM16: TRUE | AV16: 61028 | AW16: 61029 | AX16: 71028 | AY16: 71029 | AZ16: 81028 | BA16: 81029 | BB16: 91028 | BC16: 91029 | BD16: 1028 | BE16: =IF(BD16="", "", BD16+1) -> 1029 | BF16: =AND( OR(ISBLANK(AV16), AND(MOD(AV16, 10000) = BD16, QUOTIENT(AV16, 10000) = 6)), OR(ISBLANK(AX16), AND(MOD(AX16, 10000) = BD16, QUOTIENT(AX16, 10000) = 7)), OR(ISBLANK(AZ16), AND(MOD(AZ16, 10000) = BD16, QUOTIENT(AZ16, 10000) = 8)), OR(ISBLANK(BB16), AND(MOD(BB16, 10000) = BD16, QUOTIENT(BB16, 10000) = 9)) ) -> TRUE | BG16: =AND( OR(ISBLANK(AW16), AND(MOD(AW16, 10000) = BE16, QUOTIENT(AW16, 10000) = 6)), OR(ISBLANK(AY16), AND(MOD(AY16, 10000) = BE16, QUOTIENT(AY16, 10000) = 7)), OR(ISBLANK(BA16), AND(MOD(BA16, 10000) = BE16, QUOTIENT(BA16, 10000) = 8)), OR(ISBLANK(BC16), AND(MOD(BC16, 10000) = BE16, QUOTIENT(BC16, 10000) = 9)) ) -> TRUE
A17: Chill Touch | B17: BZ-1E | C17: 1 | D17: 1 | E17: =_xlfn.CONCAT(B17, RIGHT(_xlfn.CONCAT("0", D17), 2)) -> BZ-1E01 | F17: SPWI117 | G17: Caster Crafting | H17: Core | J17: =MATCH($A17, 'Spells By School'!A:A, 0) -> #N/A | K17: =MATCH($A17, 'Spells By School'!B:B, 0) -> #N/A | L17: =MATCH($A17, 'Spells By School'!C:C, 0) -> #N/A | M17: =MATCH($A17, 'Spells By School'!D:D, 0) -> #N/A | N17: =MATCH($A17, 'Spells By School'!E:E, 0) -> #N/A | O17: =MATCH($A17, 'Spells By School'!F:F, 0) -> #N/A | P17: =MATCH($A17, 'Spells By School'!G:G, 0) -> 11 | Q17: =MATCH($A17, 'Spells By School'!H:H, 0) -> #N/A | R17: =MATCH($A17, 'Spells By School'!I:I, 0) -> #N/A | S17: =IF(ISNA($J17), IF(ISNA($K17), IF(ISNA($L17), IF(ISNA($M17), IF(ISNA($N17), IF(ISNA($O17), IF(ISNA($P17), IF(ISNA($Q17), IF(ISNA($R17), "###error###", R$1),Q$1),P$1),O$1),N$1),M$1),L$1),K$1),J$1) -> Necromancy | T17: =IF(ISNA($J17), IF(ISNA($K17), IF(ISNA($L17), IF(ISNA($M17), IF(ISNA($N17), IF(ISNA($O17), IF(ISNA($P17), IF(ISNA($Q17), IF(ISNA($R17), "###error###", "WM"),"IL"),"NE"),"EN"),"EV"),"TR"),"DI"),"CO"),"AB") -> NE | U17: =IF(ISNA($J17), IF(ISNA($K17), IF(ISNA($L17), IF(ISNA($M17), IF(ISNA($N17), IF(ISNA($O17), IF(ISNA($P17), IF(ISNA($Q17), IF(ISNA($R17), "###error###", MATCH(A17, 'Wand Mapping'!J:J,0)),MATCH(A17, 'Wand Mapping'!I:I,0)),MATCH(A17, 'Wand Mapping'!H:H,0)),MATCH(A17, 'Wand Mapping'!G:G,0)),MATCH(A17, 'Wand Mapping'!F:F,0)),MATCH(A17, 'Wand Mapping'!E:E,0)),MATCH(A17, 'Wand Mapping'!D:D,0)),MATCH(A17, 'Wand Mapping'!C:C,0)),MATCH(A17, 'Wand Mapping'!B:B,0)) -> 70 | V17: =INDEX('Wand Mapping'!K:K, U17) -> wand_ai_680 | W17: =_xlfn.CONCAT(V17, "_", T17) -> wand_ai_680_NE | Z17: =IF(ISBLANK(X17), W17, X17) -> wand_ai_680_NE | AA17: TRUE | AD17: TRUE | AH17: TRUE | AI17: TRUE | AJ17: TRUE | AK17: TRUE | AL17: TRUE | AM17: TRUE | AN17: TRUE | AV17: 61030 | AW17: 61031 | AX17: 71030 | AY17: 71031 | AZ17: 81030 | BA17: 81031 | BB17: 91030 | BC17: 91031 | BD17: 1030 | BE17: =IF(BD17="", "", BD17+1) -> 1031 | BF17: =AND( OR(ISBLANK(AV17), AND(MOD(AV17, 10000) = BD17, QUOTIENT(AV17, 10000) = 6)), OR(ISBLANK(AX17), AND(MOD(AX17, 10000) = BD17, QUOTIENT(AX17, 10000) = 7)), OR(ISBLANK(AZ17), AND(MOD(AZ17, 10000) = BD17, QUOTIENT(AZ17, 10000) = 8)), OR(ISBLANK(BB17), AND(MOD(BB17, 10000) = BD17, QUOTIENT(BB17, 10000) = 9)) ) -> TRUE | BG17: =AND( OR(ISBLANK(AW17), AND(MOD(AW17, 10000) = BE17, QUOTIENT(AW17, 10000) = 6)), OR(ISBLANK(AY17), AND(MOD(AY17, 10000) = BE17, QUOTIENT(AY17, 10000) = 7)), OR(ISBLANK(BA17), AND(MOD(BA17, 10000) = BE17, QUOTIENT(BA17, 10000) = 8)), OR(ISBLANK(BC17), AND(MOD(BC17, 10000) = BE17, QUOTIENT(BC17, 10000) = 9)) ) -> TRUE
A18: Chromatic Orb | B18: BZ-1F | F18: SPWI118 | G18: Caster Crafting | H18: Core | J18: =MATCH($A18, 'Spells By School'!A:A, 0) -> #N/A | K18: =MATCH($A18, 'Spells By School'!B:B, 0) -> #N/A | L18: =MATCH($A18, 'Spells By School'!C:C, 0) -> #N/A | M18: =MATCH($A18, 'Spells By School'!D:D, 0) -> #N/A | N18: =MATCH($A18, 'Spells By School'!E:E, 0) -> 14 | O18: =MATCH($A18, 'Spells By School'!F:F, 0) -> #N/A | P18: =MATCH($A18, 'Spells By School'!G:G, 0) -> #N/A | Q18: =MATCH($A18, 'Spells By School'!H:H, 0) -> #N/A | R18: =MATCH($A18, 'Spells By School'!I:I, 0) -> #N/A | S18: =IF(ISNA($J18), IF(ISNA($K18), IF(ISNA($L18), IF(ISNA($M18), IF(ISNA($N18), IF(ISNA($O18), IF(ISNA($P18), IF(ISNA($Q18), IF(ISNA($R18), "###error###", R$1),Q$1),P$1),O$1),N$1),M$1),L$1),K$1),J$1) -> Invocation | T18: =IF(ISNA($J18), IF(ISNA($K18), IF(ISNA($L18), IF(ISNA($M18), IF(ISNA($N18), IF(ISNA($O18), IF(ISNA($P18), IF(ISNA($Q18), IF(ISNA($R18), "###error###", "WM"),"IL"),"NE"),"EN"),"EV"),"TR"),"DI"),"CO"),"AB") -> EV | U18: =IF(ISNA($J18), IF(ISNA($K18), IF(ISNA($L18), IF(ISNA($M18), IF(ISNA($N18), IF(ISNA($O18), IF(ISNA($P18), IF(ISNA($Q18), IF(ISNA($R18), "###error###", MATCH(A18, 'Wand Mapping'!J:J,0)),MATCH(A18, 'Wand Mapping'!I:I,0)),MATCH(A18, 'Wand Mapping'!H:H,0)),MATCH(A18, 'Wand Mapping'!G:G,0)),MATCH(A18, 'Wand Mapping'!F:F,0)),MATCH(A18, 'Wand Mapping'!E:E,0)),MATCH(A18, 'Wand Mapping'!D:D,0)),MATCH(A18, 'Wand Mapping'!C:C,0)),MATCH(A18, 'Wand Mapping'!B:B,0)) -> 84 | V18: =INDEX('Wand Mapping'!K:K, U18) -> wand_ai_820 | W18: =_xlfn.CONCAT(V18, "_", T18) -> wand_ai_820_EV | Z18: =IF(ISBLANK(X18), W18, X18) -> wand_ai_820_EV | AA18: TRUE | AD18: TRUE | AH18: TRUE | AI18: TRUE | AJ18: TRUE | AK18: TRUE | AL18: TRUE | AM18: TRUE
A19: Chromatic Orb: 1st | B19: BZ-1F | C19: 1 | D19: 1 | E19: =_xlfn.CONCAT(B19, RIGHT(_xlfn.CONCAT("0", D19), 2)) -> BZ-1F01 | F19: SPWI118 | G19: Caster Crafting | H19: Core | AV19: 61032 | AW19: 61033 | AX19: 71032 | AY19: 71033 | BB19: 91032 | BC19: 91033 | BD19: 1032 | BE19: =IF(BD19="", "", BD19+1) -> 1033 | BF19: =AND( OR(ISBLANK(AV19), AND(MOD(AV19, 10000) = BD19, QUOTIENT(AV19, 10000) = 6)), OR(ISBLANK(AX19), AND(MOD(AX19, 10000) = BD19, QUOTIENT(AX19, 10000) = 7)), OR(ISBLANK(AZ19), AND(MOD(AZ19, 10000) = BD19, QUOTIENT(AZ19, 10000) = 8)), OR(ISBLANK(BB19), AND(MOD(BB19, 10000) = BD19, QUOTIENT(BB19, 10000) = 9)) ) -> TRUE | BG19: =AND( OR(ISBLANK(AW19), AND(MOD(AW19, 10000) = BE19, QUOTIENT(AW19, 10000) = 6)), OR(ISBLANK(AY19), AND(MOD(AY19, 10000) = BE19, QUOTIENT(AY19, 10000) = 7)), OR(ISBLANK(BA19), AND(MOD(BA19, 10000) = BE19, QUOTIENT(BA19, 10000) = 8)), OR(ISBLANK(BC19), AND(MOD(BC19, 10000) = BE19, QUOTIENT(BC19, 10000) = 9)) ) -> TRUE
A20: Chromatic Orb: 2nd | B20: BZ-1F | C20: 1 | D20: 2 | E20: =_xlfn.CONCAT(B20, RIGHT(_xlfn.CONCAT("0", D20), 2)) -> BZ-1F02 | F20: SPWI118 | G20: Caster Crafting | H20: Core | AV20: 61034 | AW20: 61035 | AX20: 71034 | AY20: 71035 | BB20: 91034 | BC20: 91035 | BD20: 1034 | BE20: =IF(BD20="", "", BD20+1) -> 1035 | BF20: =AND( OR(ISBLANK(AV20), AND(MOD(AV20, 10000) = BD20, QUOTIENT(AV20, 10000) = 6)), OR(ISBLANK(AX20), AND(MOD(AX20, 10000) = BD20, QUOTIENT(AX20, 10000) = 7)), OR(ISBLANK(AZ20), AND(MOD(AZ20, 10000) = BD20, QUOTIENT(AZ20, 10000) = 8)), OR(ISBLANK(BB20), AND(MOD(BB20, 10000) = BD20, QUOTIENT(BB20, 10000) = 9)) ) -> TRUE | BG20: =AND( OR(ISBLANK(AW20), AND(MOD(AW20, 10000) = BE20, QUOTIENT(AW20, 10000) = 6)), OR(ISBLANK(AY20), AND(MOD(AY20, 10000) = BE20, QUOTIENT(AY20, 10000) = 7)), OR(ISBLANK(BA20), AND(MOD(BA20, 10000) = BE20, QUOTIENT(BA20, 10000) = 8)), OR(ISBLANK(BC20), AND(MOD(BC20, 10000) = BE20, QUOTIENT(BC20, 10000) = 9)) ) -> TRUE
A21: Chromatic Orb: 3rd | B21: BZ-1F | C21: 1 | D21: 3 | E21: =_xlfn.CONCAT(B21, RIGHT(_xlfn.CONCAT("0", D21), 2)) -> BZ-1F03 | F21: SPWI118 | G21: Caster Crafting | H21: Core | AV21: 61036 | AW21: 61037 | AX21: 71036 | AY21: 71037 | BD21: 1036 | BE21: =IF(BD21="", "", BD21+1) -> 1037 | BF21: =AND( OR(ISBLANK(AV21), AND(MOD(AV21, 10000) = BD21, QUOTIENT(AV21, 10000) = 6)), OR(ISBLANK(AX21), AND(MOD(AX21, 10000) = BD21, QUOTIENT(AX21, 10000) = 7)), OR(ISBLANK(AZ21), AND(MOD(AZ21, 10000) = BD21, QUOTIENT(AZ21, 10000) = 8)), OR(ISBLANK(BB21), AND(MOD(BB21, 10000) = BD21, QUOTIENT(BB21, 10000) = 9)) ) -> TRUE | BG21: =AND( OR(ISBLANK(AW21), AND(MOD(AW21, 10000) = BE21, QUOTIENT(AW21, 10000) = 6)), OR(ISBLANK(AY21), AND(MOD(AY21, 10000) = BE21, QUOTIENT(AY21, 10000) = 7)), OR(ISBLANK(BA21), AND(MOD(BA21, 10000) = BE21, QUOTIENT(BA21, 10000) = 8)), OR(ISBLANK(BC21), AND(MOD(BC21, 10000) = BE21, QUOTIENT(BC21, 10000) = 9)) ) -> TRUE
A22: Chromatic Orb: 4th | B22: BZ-1F | C22: 1 | D22: 4 | E22: =_xlfn.CONCAT(B22, RIGHT(_xlfn.CONCAT("0", D22), 2)) -> BZ-1F04 | F22: SPWI118 | G22: Caster Crafting | H22: Core | AV22: 61038 | AW22: 61039 | AX22: 71038 | AY22: 71039 | BB22: 91038 | BC22: 91039 | BD22: 1038 | BE22: =IF(BD22="", "", BD22+1) -> 1039 | BF22: =AND( OR(ISBLANK(AV22), AND(MOD(AV22, 10000) = BD22, QUOTIENT(AV22, 10000) = 6)), OR(ISBLANK(AX22), AND(MOD(AX22, 10000) = BD22, QUOTIENT(AX22, 10000) = 7)), OR(ISBLANK(AZ22), AND(MOD(AZ22, 10000) = BD22, QUOTIENT(AZ22, 10000) = 8)), OR(ISBLANK(BB22), AND(MOD(BB22, 10000) = BD22, QUOTIENT(BB22, 10000) = 9)) ) -> TRUE | BG22: =AND( OR(ISBLANK(AW22), AND(MOD(AW22, 10000) = BE22, QUOTIENT(AW22, 10000) = 6)), OR(ISBLANK(AY22), AND(MOD(AY22, 10000) = BE22, QUOTIENT(AY22, 10000) = 7)), OR(ISBLANK(BA22), AND(MOD(BA22, 10000) = BE22, QUOTIENT(BA22, 10000) = 8)), OR(ISBLANK(BC22), AND(MOD(BC22, 10000) = BE22, QUOTIENT(BC22, 10000) = 9)) ) -> TRUE
A23: Chromatic Orb: 5th | B23: BZ-1F | C23: 1 | D23: 5 | E23: =_xlfn.CONCAT(B23, RIGHT(_xlfn.CONCAT("0", D23), 2)) -> BZ-1F05 | F23: SPWI118 | G23: Caster Crafting | H23: Core | AV23: 61040 | AW23: 61041 | AX23: 71040 | AY23: 71041 | BD23: 1040 | BE23: =IF(BD23="", "", BD23+1) -> 1041 | BF23: =AND( OR(ISBLANK(AV23), AND(MOD(AV23, 10000) = BD23, QUOTIENT(AV23, 10000) = 6)), OR(ISBLANK(AX23), AND(MOD(AX23, 10000) = BD23, QUOTIENT(AX23, 10000) = 7)), OR(ISBLANK(AZ23), AND(MOD(AZ23, 10000) = BD23, QUOTIENT(AZ23, 10000) = 8)), OR(ISBLANK(BB23), AND(MOD(BB23, 10000) = BD23, QUOTIENT(BB23, 10000) = 9)) ) -> TRUE | BG23: =AND( OR(ISBLANK(AW23), AND(MOD(AW23, 10000) = BE23, QUOTIENT(AW23, 10000) = 6)), OR(ISBLANK(AY23), AND(MOD(AY23, 10000) = BE23, QUOTIENT(AY23, 10000) = 7)), OR(ISBLANK(BA23), AND(MOD(BA23, 10000) = BE23, QUOTIENT(BA23, 10000) = 8)), OR(ISBLANK(BC23), AND(MOD(BC23, 10000) = BE23, QUOTIENT(BC23, 10000) = 9)) ) -> TRUE
A24: Chromatic Orb: 6th | B24: BZ-1F | C24: 1 | D24: 6 | E24: =_xlfn.CONCAT(B24, RIGHT(_xlfn.CONCAT("0", D24), 2)) -> BZ-1F06 | F24: SPWI118 | G24: Caster Crafting | H24: Core | AV24: 61042 | AW24: 61043 | BB24: 91042 | BC24: 91043 | BD24: 1042 | BE24: =IF(BD24="", "", BD24+1) -> 1043 | BF24: =AND( OR(ISBLANK(AV24), AND(MOD(AV24, 10000) = BD24, QUOTIENT(AV24, 10000) = 6)), OR(ISBLANK(AX24), AND(MOD(AX24, 10000) = BD24, QUOTIENT(AX24, 10000) = 7)), OR(ISBLANK(AZ24), AND(MOD(AZ24, 10000) = BD24, QUOTIENT(AZ24, 10000) = 8)), OR(ISBLANK(BB24), AND(MOD(BB24, 10000) = BD24, QUOTIENT(BB24, 10000) = 9)) ) -> TRUE | BG24: =AND( OR(ISBLANK(AW24), AND(MOD(AW24, 10000) = BE24, QUOTIENT(AW24, 10000) = 6)), OR(ISBLANK(AY24), AND(MOD(AY24, 10000) = BE24, QUOTIENT(AY24, 10000) = 7)), OR(ISBLANK(BA24), AND(MOD(BA24, 10000) = BE24, QUOTIENT(BA24, 10000) = 8)), OR(ISBLANK(BC24), AND(MOD(BC24, 10000) = BE24, QUOTIENT(BC24, 10000) = 9)) ) -> TRUE
A25: Chromatic Orb: 7th | B25: BZ-1F | C25: 1 | D25: 7 | E25: =_xlfn.CONCAT(B25, RIGHT(_xlfn.CONCAT("0", D25), 2)) -> BZ-1F07 | F25: SPWI118 | G25: Caster Crafting | H25: Core | AV25: 61044 | AW25: 61045 | AX25: 71044 | AY25: 71045 | BD25: 1044 | BE25: =IF(BD25="", "", BD25+1) -> 1045 | BF25: =AND( OR(ISBLANK(AV25), AND(MOD(AV25, 10000) = BD25, QUOTIENT(AV25, 10000) = 6)), OR(ISBLANK(AX25), AND(MOD(AX25, 10000) = BD25, QUOTIENT(AX25, 10000) = 7)), OR(ISBLANK(AZ25), AND(MOD(AZ25, 10000) = BD25, QUOTIENT(AZ25, 10000) = 8)), OR(ISBLANK(BB25), AND(MOD(BB25, 10000) = BD25, QUOTIENT(BB25, 10000) = 9)) ) -> TRUE | BG25: =AND( OR(ISBLANK(AW25), AND(MOD(AW25, 10000) = BE25, QUOTIENT(AW25, 10000) = 6)), OR(ISBLANK(AY25), AND(MOD(AY25, 10000) = BE25, QUOTIENT(AY25, 10000) = 7)), OR(ISBLANK(BA25), AND(MOD(BA25, 10000) = BE25, QUOTIENT(BA25, 10000) = 8)), OR(ISBLANK(BC25), AND(MOD(BC25, 10000) = BE25, QUOTIENT(BC25, 10000) = 9)) ) -> TRUE
A26: Chromatic Orb: 8th | B26: BZ-1F | C26: 1 | D26: 8 | E26: =_xlfn.CONCAT(B26, RIGHT(_xlfn.CONCAT("0", D26), 2)) -> BZ-1F08 | F26: SPWI118 | G26: Caster Crafting | H26: Core | BB26: 91046 | BC26: 91047 | BD26: 1046 | BE26: =IF(BD26="", "", BD26+1) -> 1047 | BF26: =AND( OR(ISBLANK(AV26), AND(MOD(AV26, 10000) = BD26, QUOTIENT(AV26, 10000) = 6)), OR(ISBLANK(AX26), AND(MOD(AX26, 10000) = BD26, QUOTIENT(AX26, 10000) = 7)), OR(ISBLANK(AZ26), AND(MOD(AZ26, 10000) = BD26, QUOTIENT(AZ26, 10000) = 8)), OR(ISBLANK(BB26), AND(MOD(BB26, 10000) = BD26, QUOTIENT(BB26, 10000) = 9)) ) -> TRUE | BG26: =AND( OR(ISBLANK(AW26), AND(MOD(AW26, 10000) = BE26, QUOTIENT(AW26, 10000) = 6)), OR(ISBLANK(AY26), AND(MOD(AY26, 10000) = BE26, QUOTIENT(AY26, 10000) = 7)), OR(ISBLANK(BA26), AND(MOD(BA26, 10000) = BE26, QUOTIENT(BA26, 10000) = 8)), OR(ISBLANK(BC26), AND(MOD(BC26, 10000) = BE26, QUOTIENT(BC26, 10000) = 9)) ) -> TRUE
A27: Chromatic Orb: 10th | B27: BZ-1F | C27: 1 | D27: 10 | E27: =_xlfn.CONCAT(B27, RIGHT(_xlfn.CONCAT("0", D27), 2)) -> BZ-1F10 | F27: SPWI118 | G27: Caster Crafting | H27: Core | AV27: 61048 | AW27: 61049 | BB27: 91048 | BC27: 91049 | BD27: 1048 | BE27: =IF(BD27="", "", BD27+1) -> 1049 | BF27: =AND( OR(ISBLANK(AV27), AND(MOD(AV27, 10000) = BD27, QUOTIENT(AV27, 10000) = 6)), OR(ISBLANK(AX27), AND(MOD(AX27, 10000) = BD27, QUOTIENT(AX27, 10000) = 7)), OR(ISBLANK(AZ27), AND(MOD(AZ27, 10000) = BD27, QUOTIENT(AZ27, 10000) = 8)), OR(ISBLANK(BB27), AND(MOD(BB27, 10000) = BD27, QUOTIENT(BB27, 10000) = 9)) ) -> TRUE | BG27: =AND( OR(ISBLANK(AW27), AND(MOD(AW27, 10000) = BE27, QUOTIENT(AW27, 10000) = 6)), OR(ISBLANK(AY27), AND(MOD(AY27, 10000) = BE27, QUOTIENT(AY27, 10000) = 7)), OR(ISBLANK(BA27), AND(MOD(BA27, 10000) = BE27, QUOTIENT(BA27, 10000) = 8)), OR(ISBLANK(BC27), AND(MOD(BC27, 10000) = BE27, QUOTIENT(BC27, 10000) = 9)) ) -> TRUE
A28: Chromatic Orb: 12th | B28: BZ-1F | C28: 1 | D28: 12 | E28: =_xlfn.CONCAT(B28, RIGHT(_xlfn.CONCAT("0", D28), 2)) -> BZ-1F12 | F28: SPWI118 | G28: Caster Crafting | H28: Core | AV28: 61050 | AW28: 61051 | BB28: 91050 | BC28: 91051 | BD28: 1050 | BE28: =IF(BD28="", "", BD28+1) -> 1051 | BF28: =AND( OR(ISBLANK(AV28), AND(MOD(AV28, 10000) = BD28, QUOTIENT(AV28, 10000) = 6)), OR(ISBLANK(AX28), AND(MOD(AX28, 10000) = BD28, QUOTIENT(AX28, 10000) = 7)), OR(ISBLANK(AZ28), AND(MOD(AZ28, 10000) = BD28, QUOTIENT(AZ28, 10000) = 8)), OR(ISBLANK(BB28), AND(MOD(BB28, 10000) = BD28, QUOTIENT(BB28, 10000) = 9)) ) -> TRUE | BG28: =AND( OR(ISBLANK(AW28), AND(MOD(AW28, 10000) = BE28, QUOTIENT(AW28, 10000) = 6)), OR(ISBLANK(AY28), AND(MOD(AY28, 10000) = BE28, QUOTIENT(AY28, 10000) = 7)), OR(ISBLANK(BA28), AND(MOD(BA28, 10000) = BE28, QUOTIENT(BA28, 10000) = 8)), OR(ISBLANK(BC28), AND(MOD(BC28, 10000) = BE28, QUOTIENT(BC28, 10000) = 9)) ) -> TRUE
A29: Larloch's Minor Drain | B29: BZ-1G | C29: 1 | D29: 1 | E29: =_xlfn.CONCAT(B29, RIGHT(_xlfn.CONCAT("0", D29), 2)) -> BZ-1G01 | F29: SPWI119 | G29: Caster Crafting | H29: Core | J29: =MATCH($A29, 'Spells By School'!A:A, 0) -> #N/A | K29: =MATCH($A29, 'Spells By School'!B:B, 0) -> #N/A | L29: =MATCH($A29, 'Spells By School'!C:C, 0) -> #N/A | M29: =MATCH($A29, 'Spells By School'!D:D, 0) -> #N/A | N29: =MATCH($A29, 'Spells By School'!E:E, 0) -> #N/A | O29: =MATCH($A29, 'Spells By School'!F:F, 0) -> #N/A | P29: =MATCH($A29, 'Spells By School'!G:G, 0) -> 40 | Q29: =MATCH($A29, 'Spells By School'!H:H, 0) -> #N/A | R29: =MATCH($A29, 'Spells By School'!I:I, 0) -> #N/A | S29: =IF(ISNA($J29), IF(ISNA($K29), IF(ISNA($L29), IF(ISNA($M29), IF(ISNA($N29), IF(ISNA($O29), IF(ISNA($P29), IF(ISNA($Q29), IF(ISNA($R29), "###error###", R$1),Q$1),P$1),O$1),N$1),M$1),L$1),K$1),J$1) -> Necromancy | T29: =IF(ISNA($J29), IF(ISNA($K29), IF(ISNA($L29), IF(ISNA($M29), IF(ISNA($N29), IF(ISNA($O29), IF(ISNA($P29), IF(ISNA($Q29), IF(ISNA($R29), "###error###", "WM"),"IL"),"NE"),"EN"),"EV"),"TR"),"DI"),"CO"),"AB") -> NE | U29: =IF(ISNA($J29), IF(ISNA($K29), IF(ISNA($L29), IF(ISNA($M29), IF(ISNA($N29), IF(ISNA($O29), IF(ISNA($P29), IF(ISNA($Q29), IF(ISNA($R29), "###error###", MATCH(A29, 'Wand Mapping'!J:J,0)),MATCH(A29, 'Wand Mapping'!I:I,0)),MATCH(A29, 'Wand Mapping'!H:H,0)),MATCH(A29, 'Wand Mapping'!G:G,0)),MATCH(A29, 'Wand Mapping'!F:F,0)),MATCH(A29, 'Wand Mapping'!E:E,0)),MATCH(A29, 'Wand Mapping'!D:D,0)),MATCH(A29, 'Wand Mapping'!C:C,0)),MATCH(A29, 'Wand Mapping'!B:B,0)) -> 56 | V29: =INDEX('Wand Mapping'!K:K, U29) -> wand_ai_540 | W29: =_xlfn.CONCAT(V29, "_", T29) -> wand_ai_540_NE | Z29: =IF(ISBLANK(X29), W29, X29) -> wand_ai_540_NE | AA29: TRUE | AD29: TRUE | AH29: TRUE | AI29: TRUE | AJ29: TRUE | AK29: TRUE | AL29: TRUE | AM29: TRUE | AV29: 61052 | AW29: 61053 | AX29: 71052 | AY29: 71053 | AZ29: 81052 | BA29: 81053 | BB29: 91052 | BC29: 91053 | BD29: 1052 | BE29: =IF(BD29="", "", BD29+1) -> 1053 | BF29: =AND( OR(ISBLANK(AV29), AND(MOD(AV29, 10000) = BD29, QUOTIENT(AV29, 10000) = 6)), OR(ISBLANK(AX29), AND(MOD(AX29, 10000) = BD29, QUOTIENT(AX29, 10000) = 7)), OR(ISBLANK(AZ29), AND(MOD(AZ29, 10000) = BD29, QUOTIENT(AZ29, 10000) = 8)), OR(ISBLANK(BB29), AND(MOD(BB29, 10000) = BD29, QUOTIENT(BB29, 10000) = 9)) ) -> TRUE | BG29: =AND( OR(ISBLANK(AW29), AND(MOD(AW29, 10000) = BE29, QUOTIENT(AW29, 10000) = 6)), OR(ISBLANK(AY29), AND(MOD(AY29, 10000) = BE29, QUOTIENT(AY29, 10000) = 7)), OR(ISBLANK(BA29), AND(MOD(BA29, 10000) = BE29, QUOTIENT(BA29, 10000) = 8)), OR(ISBLANK(BC29), AND(MOD(BC29, 10000) = BE29, QUOTIENT(BC29, 10000) = 9)) ) -> TRUE
A30: Reflected Image | B30: BZ-1H | C30: 1 | D30: 1 | E30: =_xlfn.CONCAT(B30, RIGHT(_xlfn.CONCAT("0", D30), 2)) -> BZ-1H01 | F30: SPWI120 | G30: Caster Crafting | H30: Core | J30: =MATCH($A30, 'Spells By School'!A:A, 0) -> #N/A | K30: =MATCH($A30, 'Spells By School'!B:B, 0) -> #N/A | L30: =MATCH($A30, 'Spells By School'!C:C, 0) -> #N/A | M30: =MATCH($A30, 'Spells By School'!D:D, 0) -> #N/A | N30: =MATCH($A30, 'Spells By School'!E:E, 0) -> #N/A | O30: =MATCH($A30, 'Spells By School'!F:F, 0) -> #N/A | P30: =MATCH($A30, 'Spells By School'!G:G, 0) -> #N/A | Q30: =MATCH($A30, 'Spells By School'!H:H, 0) -> 24 | R30: =MATCH($A30, 'Spells By School'!I:I, 0) -> #N/A | S30: =IF(ISNA($J30), IF(ISNA($K30), IF(ISNA($L30), IF(ISNA($M30), IF(ISNA($N30), IF(ISNA($O30), IF(ISNA($P30), IF(ISNA($Q30), IF(ISNA($R30), "###error###", R$1),Q$1),P$1),O$1),N$1),M$1),L$1),K$1),J$1) -> Illusion | T30: =IF(ISNA($J30), IF(ISNA($K30), IF(ISNA($L30), IF(ISNA($M30), IF(ISNA($N30), IF(ISNA($O30), IF(ISNA($P30), IF(ISNA($Q30), IF(ISNA($R30), "###error###", "WM"),"IL"),"NE"),"EN"),"EV"),"TR"),"DI"),"CO"),"AB") -> IL | U30: =IF(ISNA($J30), IF(ISNA($K30), IF(ISNA($L30), IF(ISNA($M30), IF(ISNA($N30), IF(ISNA($O30), IF(ISNA($P30), IF(ISNA($Q30), IF(ISNA($R30), "###error###", MATCH(A30, 'Wand Mapping'!J:J,0)),MATCH(A30, 'Wand Mapping'!I:I,0)),MATCH(A30, 'Wand Mapping'!H:H,0)),MATCH(A30, 'Wand Mapping'!G:G,0)),MATCH(A30, 'Wand Mapping'!F:F,0)),MATCH(A30, 'Wand Mapping'!E:E,0)),MATCH(A30, 'Wand Mapping'!D:D,0)),MATCH(A30, 'Wand Mapping'!C:C,0)),MATCH(A30, 'Wand Mapping'!B:B,0)) -> 73 | V30: =INDEX('Wand Mapping'!K:K, U30) -> wand_ai_710 | W30: =_xlfn.CONCAT(V30, "_", T30) -> wand_ai_710_IL | Z30: =IF(ISBLANK(X30), W30, X30) -> wand_ai_710_IL | AA30: TRUE | AD30: TRUE | AH30: TRUE | AI30: TRUE | AJ30: TRUE | AK30: TRUE | AL30: TRUE | AM30: TRUE | AN30: TRUE | AV30: 61054 | AW30: 61055 | BB30: 91054 | BC30: 91055 | BD30: 1054 | BE30: =IF(BD30="", "", BD30+1) -> 1055 | BF30: =AND( OR(ISBLANK(AV30), AND(MOD(AV30, 10000) = BD30, QUOTIENT(AV30, 10000) = 6)), OR(ISBLANK(AX30), AND(MOD(AX30, 10000) = BD30, QUOTIENT(AX30, 10000) = 7)), OR(ISBLANK(AZ30), AND(MOD(AZ30, 10000) = BD30, QUOTIENT(AZ30, 10000) = 8)), OR(ISBLANK(BB30), AND(MOD(BB30, 10000) = BD30, QUOTIENT(BB30, 10000) = 9)) ) -> TRUE | BG30: =AND( OR(ISBLANK(AW30), AND(MOD(AW30, 10000) = BE30, QUOTIENT(AW30, 10000) = 6)), OR(ISBLANK(AY30), AND(MOD(AY30, 10000) = BE30, QUOTIENT(AY30, 10000) = 7)), OR(ISBLANK(BA30), AND(MOD(BA30, 10000) = BE30, QUOTIENT(BA30, 10000) = 8)), OR(ISBLANK(BC30), AND(MOD(BC30, 10000) = BE30, QUOTIENT(BC30, 10000) = 9)) ) -> TRUE
A31: Nahal's Reckless Dweomer* | B31: BZ-1J | C31: 1 | D31: 1 | E31: =_xlfn.CONCAT(B31, RIGHT(_xlfn.CONCAT("0", D31), 2)) -> BZ-1J01 | F31: SPWI124 | G31: Caster Crafting | H31: Core | J31: =MATCH($A31, 'Spells By School'!A:A, 0) -> #N/A | K31: =MATCH($A31, 'Spells By School'!B:B, 0) -> #N/A | L31: =MATCH($A31, 'Spells By School'!C:C, 0) -> #N/A | M31: =MATCH($A31, 'Spells By School'!D:D, 0) -> #N/A | N31: =MATCH($A31, 'Spells By School'!E:E, 0) -> #N/A | O31: =MATCH($A31, 'Spells By School'!F:F, 0) -> #N/A | P31: =MATCH($A31, 'Spells By School'!G:G, 0) -> #N/A | Q31: =MATCH($A31, 'Spells By School'!H:H, 0) -> #N/A | R31: =MATCH($A31, 'Spells By School'!I:I, 0) -> 5 | S31: =IF(ISNA($J31), IF(ISNA($K31), IF(ISNA($L31), IF(ISNA($M31), IF(ISNA($N31), IF(ISNA($O31), IF(ISNA($P31), IF(ISNA($Q31), IF(ISNA($R31), "###error###", R$1),Q$1),P$1),O$1),N$1),M$1),L$1),K$1),J$1) -> Wild Magic | T31: =IF(ISNA($J31), IF(ISNA($K31), IF(ISNA($L31), IF(ISNA($M31), IF(ISNA($N31), IF(ISNA($O31), IF(ISNA($P31), IF(ISNA($Q31), IF(ISNA($R31), "###error###", "WM"),"IL"),"NE"),"EN"),"EV"),"TR"),"DI"),"CO"),"AB") -> WM | U31: =IF(ISNA($J31), IF(ISNA($K31), IF(ISNA($L31), IF(ISNA($M31), IF(ISNA($N31), IF(ISNA($O31), IF(ISNA($P31), IF(ISNA($Q31), IF(ISNA($R31), "###error###", MATCH(A31, 'Wand Mapping'!J:J,0)),MATCH(A31, 'Wand Mapping'!I:I,0)),MATCH(A31, 'Wand Mapping'!H:H,0)),MATCH(A31, 'Wand Mapping'!G:G,0)),MATCH(A31, 'Wand Mapping'!F:F,0)),MATCH(A31, 'Wand Mapping'!E:E,0)),MATCH(A31, 'Wand Mapping'!D:D,0)),MATCH(A31, 'Wand Mapping'!C:C,0)),MATCH(A31, 'Wand Mapping'!B:B,0)) -> 84 | V31: =INDEX('Wand Mapping'!K:K, U31) -> wand_ai_820 | W31: =_xlfn.CONCAT(V31, "_", T31) -> wand_ai_820_WM | Z31: =IF(ISBLANK(X31), W31, X31) -> wand_ai_820_WM | AA31: TRUE | AH31: TRUE | AI31: TRUE | AJ31: TRUE | AK31: TRUE | AL31: TRUE | AM31: TRUE | AU31: WM only | AV31: 61056 | AW31: 61057 | BD31: 1056 | BE31: =IF(BD31="", "", BD31+1) -> 1057 | BF31: =AND( OR(ISBLANK(AV31), AND(MOD(AV31, 10000) = BD31, QUOTIENT(AV31, 10000) = 6)), OR(ISBLANK(AX31), AND(MOD(AX31, 10000) = BD31, QUOTIENT(AX31, 10000) = 7)), OR(ISBLANK(AZ31), AND(MOD(AZ31, 10000) = BD31, QUOTIENT(AZ31, 10000) = 8)), OR(ISBLANK(BB31), AND(MOD(BB31, 10000) = BD31, QUOTIENT(BB31, 10000) = 9)) ) -> TRUE | BG31: =AND( OR(ISBLANK(AW31), AND(MOD(AW31, 10000) = BE31, QUOTIENT(AW31, 10000) = 6)), OR(ISBLANK(AY31), AND(MOD(AY31, 10000) = BE31, QUOTIENT(AY31, 10000) = 7)), OR(ISBLANK(BA31), AND(MOD(BA31, 10000) = BE31, QUOTIENT(BA31, 10000) = 8)), OR(ISBLANK(BC31), AND(MOD(BC31, 10000) = BE31, QUOTIENT(BC31, 10000) = 9)) ) -> TRUE
A32: Spook | B32: BZ-1K | C32: 1 | D32: 1 | E32: =_xlfn.CONCAT(B32, RIGHT(_xlfn.CONCAT("0", D32), 2)) -> BZ-1K01 | F32: SPWI125 | G32: Caster Crafting | H32: Core | J32: =MATCH($A32, 'Spells By School'!A:A, 0) -> #N/A | K32: =MATCH($A32, 'Spells By School'!B:B, 0) -> #N/A | L32: =MATCH($A32, 'Spells By School'!C:C, 0) -> #N/A | M32: =MATCH($A32, 'Spells By School'!D:D, 0) -> #N/A | N32: =MATCH($A32, 'Spells By School'!E:E, 0) -> #N/A | O32: =MATCH($A32, 'Spells By School'!F:F, 0) -> #N/A | P32: =MATCH($A32, 'Spells By School'!G:G, 0) -> #N/A | Q32: =MATCH($A32, 'Spells By School'!H:H, 0) -> 29 | R32: =MATCH($A32, 'Spells By School'!I:I, 0) -> #N/A | S32: =IF(ISNA($J32), IF(ISNA($K32), IF(ISNA($L32), IF(ISNA($M32), IF(ISNA($N32), IF(ISNA($O32), IF(ISNA($P32), IF(ISNA($Q32), IF(ISNA($R32), "###error###", R$1),Q$1),P$1),O$1),N$1),M$1),L$1),K$1),J$1) -> Illusion | T32: =IF(ISNA($J32), IF(ISNA($K32), IF(ISNA($L32), IF(ISNA($M32), IF(ISNA($N32), IF(ISNA($O32), IF(ISNA($P32), IF(ISNA($Q32), IF(ISNA($R32), "###error###", "WM"),"IL"),"NE"),"EN"),"EV"),"TR"),"DI"),"CO"),"AB") -> IL | U32: =IF(ISNA($J32), IF(ISNA($K32), IF(ISNA($L32), IF(ISNA($M32), IF(ISNA($N32), IF(ISNA($O32), IF(ISNA($P32), IF(ISNA($Q32), IF(ISNA($R32), "###error###", MATCH(A32, 'Wand Mapping'!J:J,0)),MATCH(A32, 'Wand Mapping'!I:I,0)),MATCH(A32, 'Wand Mapping'!H:H,0)),MATCH(A32, 'Wand Mapping'!G:G,0)),MATCH(A32, 'Wand Mapping'!F:F,0)),MATCH(A32, 'Wand Mapping'!E:E,0)),MATCH(A32, 'Wand Mapping'!D:D,0)),MATCH(A32, 'Wand Mapping'!C:C,0)),MATCH(A32, 'Wand Mapping'!B:B,0)) -> 42 | V32: =INDEX('Wand Mapping'!K:K, U32) -> wand_ai_400 | W32: =_xlfn.CONCAT(V32, "_", T32) -> wand_ai_400_IL | Z32: =IF(ISBLANK(X32), W32, X32) -> wand_ai_400_IL | AA32: TRUE | AD32: TRUE | AH32: TRUE | AI32: TRUE | AJ32: TRUE | AK32: TRUE | AL32: TRUE | AM32: TRUE | AV32: 61058 | AW32: 61059 | BB32: 91058 | BC32: 91059 | BD32: 1058 | BE32: =IF(BD32="", "", BD32+1) -> 1059 | BF32: =AND( OR(ISBLANK(AV32), AND(MOD(AV32, 10000) = BD32, QUOTIENT(AV32, 10000) = 6)), OR(ISBLANK(AX32), AND(MOD(AX32, 10000) = BD32, QUOTIENT(AX32, 10000) = 7)), OR(ISBLANK(AZ32), AND(MOD(AZ32, 10000) = BD32, QUOTIENT(AZ32, 10000) = 8)), OR(ISBLANK(BB32), AND(MOD(BB32, 10000) = BD32, QUOTIENT(BB32, 10000) = 9)) ) -> TRUE | BG32: =AND( OR(ISBLANK(AW32), AND(MOD(AW32, 10000) = BE32, QUOTIENT(AW32, 10000) = 6)), OR(ISBLANK(AY32), AND(MOD(AY32, 10000) = BE32, QUOTIENT(AY32, 10000) = 7)), OR(ISBLANK(BA32), AND(MOD(BA32, 10000) = BE32, QUOTIENT(BA32, 10000) = 8)), OR(ISBLANK(BC32), AND(MOD(BC32, 10000) = BE32, QUOTIENT(BC32, 10000) = 9)) ) -> TRUE
A33: Dancing Lights | B33: BZ-1L | C33: 1 | D33: 1 | E33: =_xlfn.CONCAT(B33, RIGHT(_xlfn.CONCAT("0", D33), 2)) -> BZ-1L01 | F33: SPWI126 | G33: Caster Crafting | H33: Core | J33: =MATCH($A33, 'Spells By School'!A:A, 0) -> #N/A | K33: =MATCH($A33, 'Spells By School'!B:B, 0) -> #N/A | L33: =MATCH($A33, 'Spells By School'!C:C, 0) -> #N/A | M33: =MATCH($A33, 'Spells By School'!D:D, 0) -> 92 | N33: =MATCH($A33, 'Spells By School'!E:E, 0) -> #N/A | O33: =MATCH($A33, 'Spells By School'!F:F, 0) -> #N/A | P33: =MATCH($A33, 'Spells By School'!G:G, 0) -> #N/A | Q33: =MATCH($A33, 'Spells By School'!H:H, 0) -> #N/A | R33: =MATCH($A33, 'Spells By School'!I:I, 0) -> #N/A | S33: =IF(ISNA($J33), IF(ISNA($K33), IF(ISNA($L33), IF(ISNA($M33), IF(ISNA($N33), IF(ISNA($O33), IF(ISNA($P33), IF(ISNA($Q33), IF(ISNA($R33), "###error###", R$1),Q$1),P$1),O$1),N$1),M$1),L$1),K$1),J$1) -> Transmutation | T33: =IF(ISNA($J33), IF(ISNA($K33), IF(ISNA($L33), IF(ISNA($M33), IF(ISNA($N33), IF(ISNA($O33), IF(ISNA($P33), IF(ISNA($Q33), IF(ISNA($R33), "###error###", "WM"),"IL"),"NE"),"EN"),"EV"),"TR"),"DI"),"CO"),"AB") -> TR | U33: =IF(ISNA($J33), IF(ISNA($K33), IF(ISNA($L33), IF(ISNA($M33), IF(ISNA($N33), IF(ISNA($O33), IF(ISNA($P33), IF(ISNA($Q33), IF(ISNA($R33), "###error###", MATCH(A33, 'Wand Mapping'!J:J,0)),MATCH(A33, 'Wand Mapping'!I:I,0)),MATCH(A33, 'Wand Mapping'!H:H,0)),MATCH(A33, 'Wand Mapping'!G:G,0)),MATCH(A33, 'Wand Mapping'!F:F,0)),MATCH(A33, 'Wand Mapping'!E:E,0)),MATCH(A33, 'Wand Mapping'!D:D,0)),MATCH(A33, 'Wand Mapping'!C:C,0)),MATCH(A33, 'Wand Mapping'!B:B,0)) -> #N/A | V33: =INDEX('Wand Mapping'!K:K, U33) -> #N/A | W33: =_xlfn.CONCAT(V33, "_", T33) -> #N/A | X33: wand_ai_070_TR | Z33: =IF(ISBLANK(X33), W33, X33) -> wand_ai_070_TR | AA33: TRUE | AD33: TRUE | AH33: TRUE | AI33: TRUE | AJ33: TRUE | AK33: TRUE | AL33: TRUE | AM33: TRUE | AN33: TRUE | AV33: 61060 | AW33: 61061 | BD33: 1060 | BE33: =IF(BD33="", "", BD33+1) -> 1061 | BF33: =AND( OR(ISBLANK(AV33), AND(MOD(AV33, 10000) = BD33, QUOTIENT(AV33, 10000) = 6)), OR(ISBLANK(AX33), AND(MOD(AX33, 10000) = BD33, QUOTIENT(AX33, 10000) = 7)), OR(ISBLANK(AZ33), AND(MOD(AZ33, 10000) = BD33, QUOTIENT(AZ33, 10000) = 8)), OR(ISBLANK(BB33), AND(MOD(BB33, 10000) = BD33, QUOTIENT(BB33, 10000) = 9)) ) -> TRUE | BG33: =AND( OR(ISBLANK(AW33), AND(MOD(AW33, 10000) = BE33, QUOTIENT(AW33, 10000) = 6)), OR(ISBLANK(AY33), AND(MOD(AY33, 10000) = BE33, QUOTIENT(AY33, 10000) = 7)), OR(ISBLANK(BA33), AND(MOD(BA33, 10000) = BE33, QUOTIENT(BA33, 10000) = 8)), OR(ISBLANK(BC33), AND(MOD(BC33, 10000) = BE33, QUOTIENT(BC33, 10000) = 9)) ) -> TRUE
A34: Expeditious Retreat | B34: BZ-Y2 | C34: 1 | D34: 1 | E34: =_xlfn.CONCAT(B34, RIGHT(_xlfn.CONCAT("0", D34), 2)) -> BZ-Y201 | F34: WIZARD_EXPEDITIOUS_RETREAT | G34: Caster Crafting | H34: IWDification | J34: =MATCH($A34, 'Spells By School'!A:A, 0) -> #N/A | K34: =MATCH($A34, 'Spells By School'!B:B, 0) -> #N/A | L34: =MATCH($A34, 'Spells By School'!C:C, 0) -> #N/A | M34: =MATCH($A34, 'Spells By School'!D:D, 0) -> 25 | N34: =MATCH($A34, 'Spells By School'!E:E, 0) -> #N/A | O34: =MATCH($A34, 'Spells By School'!F:F, 0) -> #N/A | P34: =MATCH($A34, 'Spells By School'!G:G, 0) -> #N/A | Q34: =MATCH($A34, 'Spells By School'!H:H, 0) -> #N/A | R34: =MATCH($A34, 'Spells By School'!I:I, 0) -> #N/A | S34: =IF(ISNA($J34), IF(ISNA($K34), IF(ISNA($L34), IF(ISNA($M34), IF(ISNA($N34), IF(ISNA($O34), IF(ISNA($P34), IF(ISNA($Q34), IF(ISNA($R34), "###error###", R$1),Q$1),P$1),O$1),N$1),M$1),L$1),K$1),J$1) -> Transmutation | T34: =IF(ISNA($J34), IF(ISNA($K34), IF(ISNA($L34), IF(ISNA($M34), IF(ISNA($N34), IF(ISNA($O34), IF(ISNA($P34), IF(ISNA($Q34), IF(ISNA($R34), "###error###", "WM"),"IL"),"NE"),"EN"),"EV"),"TR"),"DI"),"CO"),"AB") -> TR | U34: =IF(ISNA($J34), IF(ISNA($K34), IF(ISNA($L34), IF(ISNA($M34), IF(ISNA($N34), IF(ISNA($O34), IF(ISNA($P34), IF(ISNA($Q34), IF(ISNA($R34), "###error###", MATCH(A34, 'Wand Mapping'!J:J,0)),MATCH(A34, 'Wand Mapping'!I:I,0)),MATCH(A34, 'Wand Mapping'!H:H,0)),MATCH(A34, 'Wand Mapping'!G:G,0)),MATCH(A34, 'Wand Mapping'!F:F,0)),MATCH(A34, 'Wand Mapping'!E:E,0)),MATCH(A34, 'Wand Mapping'!D:D,0)),MATCH(A34, 'Wand Mapping'!C:C,0)),MATCH(A34, 'Wand Mapping'!B:B,0)) -> 93 | V34: =INDEX('Wand Mapping'!K:K, U34) -> wand_ai_910 | W34: =_xlfn.CONCAT(V34, "_", T34) -> wand_ai_910_TR | Z34: =IF(ISBLANK(X34), W34, X34) -> wand_ai_910_TR | AA34: TRUE | AD34: TRUE | AH34: TRUE | AI34: TRUE | AJ34: TRUE | AK34: TRUE | AL34: TRUE | AM34: TRUE | AN34: TRUE | AX34: 71062 | AY34: 71063 | BB34: 91062 | BC34: 91063 | BD34: 1062 | BE34: =IF(BD34="", "", BD34+1) -> 1063 | BF34: =AND( OR(ISBLANK(AV34), AND(MOD(AV34, 10000) = BD34, QUOTIENT(AV34, 10000) = 6)), OR(ISBLANK(AX34), AND(MOD(AX34, 10000) = BD34, QUOTIENT(AX34, 10000) = 7)), OR(ISBLANK(AZ34), AND(MOD(AZ34, 10000) = BD34, QUOTIENT(AZ34, 10000) = 8)), OR(ISBLANK(BB34), AND(MOD(BB34, 10000) = BD34, QUOTIENT(BB34, 10000) = 9)) ) -> TRUE | BG34: =AND( OR(ISBLANK(AW34), AND(MOD(AW34, 10000) = BE34, QUOTIENT(AW34, 10000) = 6)), OR(ISBLANK(AY34), AND(MOD(AY34, 10000) = BE34, QUOTIENT(AY34, 10000) = 7)), OR(ISBLANK(BA34), AND(MOD(BA34, 10000) = BE34, QUOTIENT(BA34, 10000) = 8)), OR(ISBLANK(BC34), AND(MOD(BC34, 10000) = BE34, QUOTIENT(BC34, 10000) = 9)) ) -> TRUE
A35: Dimension Jump | B35: BZ-4! | C35: 1 | D35: 1 | E35: =_xlfn.CONCAT(B35, RIGHT(_xlfn.CONCAT("0", D35), 2)) -> BZ-4!01 | F35: SPWI402 | G35: Caster Crafting | H35: Core | J35: =MATCH($A35, 'Spells By School'!A:A, 0) -> #N/A | K35: =MATCH($A35, 'Spells By School'!B:B, 0) -> #N/A | L35: =MATCH($A35, 'Spells By School'!C:C, 0) -> #N/A | M35: =MATCH($A35, 'Spells By School'!D:D, 0) -> #N/A | N35: =MATCH($A35, 'Spells By School'!E:E, 0) -> #N/A | O35: =MATCH($A35, 'Spells By School'!F:F, 0) -> #N/A | P35: =MATCH($A35, 'Spells By School'!G:G, 0) -> #N/A | Q35: =MATCH($A35, 'Spells By School'!H:H, 0) -> #N/A | R35: =MATCH($A35, 'Spells By School'!I:I, 0) -> #N/A | S35: =IF(ISNA($J35), IF(ISNA($K35), IF(ISNA($L35), IF(ISNA($M35), IF(ISNA($N35), IF(ISNA($O35), IF(ISNA($P35), IF(ISNA($Q35), IF(ISNA($R35), "###error###", R$1),Q$1),P$1),O$1),N$1),M$1),L$1),K$1),J$1) -> ###error### | T35: =IF(ISNA($J35), IF(ISNA($K35), IF(ISNA($L35), IF(ISNA($M35), IF(ISNA($N35), IF(ISNA($O35), IF(ISNA($P35), IF(ISNA($Q35), IF(ISNA($R35), "###error###", "WM"),"IL"),"NE"),"EN"),"EV"),"TR"),"DI"),"CO"),"AB") -> ###error### | U35: =IF(ISNA($J35), IF(ISNA($K35), IF(ISNA($L35), IF(ISNA($M35), IF(ISNA($N35), IF(ISNA($O35), IF(ISNA($P35), IF(ISNA($Q35), IF(ISNA($R35), "###error###", MATCH(A35, 'Wand Mapping'!J:J,0)),MATCH(A35, 'Wand Mapping'!I:I,0)),MATCH(A35, 'Wand Mapping'!H:H,0)),MATCH(A35, 'Wand Mapping'!G:G,0)),MATCH(A35, 'Wand Mapping'!F:F,0)),MATCH(A35, 'Wand Mapping'!E:E,0)),MATCH(A35, 'Wand Mapping'!D:D,0)),MATCH(A35, 'Wand Mapping'!C:C,0)),MATCH(A35, 'Wand Mapping'!B:B,0)) -> ###error### | V35: =INDEX('Wand Mapping'!K:K, U35) -> #VALUE! | W35: =_xlfn.CONCAT(V35, "_", T35) -> #VALUE! | Y35: If Olvyn, lower caster level to 1 | Z35: =IF(ISBLANK(X35), W35, X35) -> #VALUE! | AA35: TRUE | AD35: TRUE | AH35: TRUE | AI35: TRUE | AJ35: TRUE | AK35: TRUE | AL35: TRUE | AM35: TRUE | AZ35: 81064 | BA35: 81065 | BB35: 91064 | BC35: 91065 | BD35: 1064 | BE35: =IF(BD35="", "", BD35+1) -> 1065 | BF35: =AND( OR(ISBLANK(AV35), AND(MOD(AV35, 10000) = BD35, QUOTIENT(AV35, 10000) = 6)), OR(ISBLANK(AX35), AND(MOD(AX35, 10000) = BD35, QUOTIENT(AX35, 10000) = 7)), OR(ISBLANK(AZ35), AND(MOD(AZ35, 10000) = BD35, QUOTIENT(AZ35, 10000) = 8)), OR(ISBLANK(BB35), AND(MOD(BB35, 10000) = BD35, QUOTIENT(BB35, 10000) = 9)) ) -> TRUE | BG35: =AND( OR(ISBLANK(AW35), AND(MOD(AW35, 10000) = BE35, QUOTIENT(AW35, 10000) = 6)), OR(ISBLANK(AY35), AND(MOD(AY35, 10000) = BE35, QUOTIENT(AY35, 10000) = 7)), OR(ISBLANK(BA35), AND(MOD(BA35, 10000) = BE35, QUOTIENT(BA35, 10000) = 8)), OR(ISBLANK(BC35), AND(MOD(BC35, 10000) = BE35, QUOTIENT(BC35, 10000) = 9)) ) -> TRUE
A36: Disruptive Surge | B36: BZ-O0 | C36: 1 | D36: 1 | E36: =_xlfn.CONCAT(B36, RIGHT(_xlfn.CONCAT("0", D36), 2)) -> BZ-O001 | F36: MEWI151 | G36: Caster Crafting | H36: OlvynSpells | J36: =MATCH($A36, 'Spells By School'!A:A, 0) -> #N/A | K36: =MATCH($A36, 'Spells By School'!B:B, 0) -> #N/A | L36: =MATCH($A36, 'Spells By School'!C:C, 0) -> #N/A | M36: =MATCH($A36, 'Spells By School'!D:D, 0) -> #N/A | N36: =MATCH($A36, 'Spells By School'!E:E, 0) -> #N/A | O36: =MATCH($A36, 'Spells By School'!F:F, 0) -> #N/A | P36: =MATCH($A36, 'Spells By School'!G:G, 0) -> #N/A | Q36: =MATCH($A36, 'Spells By School'!H:H, 0) -> #N/A | R36: =MATCH($A36, 'Spells By School'!I:I, 0) -> 3 | S36: =IF(ISNA($J36), IF(ISNA($K36), IF(ISNA($L36), IF(ISNA($M36), IF(ISNA($N36), IF(ISNA($O36), IF(ISNA($P36), IF(ISNA($Q36), IF(ISNA($R36), "###error###", R$1),Q$1),P$1),O$1),N$1),M$1),L$1),K$1),J$1) -> Wild Magic | T36: =IF(ISNA($J36), IF(ISNA($K36), IF(ISNA($L36), IF(ISNA($M36), IF(ISNA($N36), IF(ISNA($O36), IF(ISNA($P36), IF(ISNA($Q36), IF(ISNA($R36), "###error###", "WM"),"IL"),"NE"),"EN"),"EV"),"TR"),"DI"),"CO"),"AB") -> WM | U36: =IF(ISNA($J36), IF(ISNA($K36), IF(ISNA($L36), IF(ISNA($M36), IF(ISNA($N36), IF(ISNA($O36), IF(ISNA($P36), IF(ISNA($Q36), IF(ISNA($R36), "###error###", MATCH(A36, 'Wand Mapping'!J:J,0)),MATCH(A36, 'Wand Mapping'!I:I,0)),MATCH(A36, 'Wand Mapping'!H:H,0)),MATCH(A36, 'Wand Mapping'!G:G,0)),MATCH(A36, 'Wand Mapping'!F:F,0)),MATCH(A36, 'Wand Mapping'!E:E,0)),MATCH(A36, 'Wand Mapping'!D:D,0)),MATCH(A36, 'Wand Mapping'!C:C,0)),MATCH(A36, 'Wand Mapping'!B:B,0)) -> 36 | V36: =INDEX('Wand Mapping'!K:K, U36) -> wand_ai_340 | W36: =_xlfn.CONCAT(V36, "_", T36) -> wand_ai_340_WM | Z36: =IF(ISBLANK(X36), W36, X36) -> wand_ai_340_WM | AA36: TRUE | AH36: TRUE | AI36: TRUE | AJ36: TRUE | AK36: TRUE | AL36: TRUE | AM36: TRUE | AU36: WM only | AZ36: 81066 | BA36: 81067 | BD36: 1066 | BE36: =IF(BD36="", "", BD36+1) -> 1067 | BF36: =AND( OR(ISBLANK(AV36), AND(MOD(AV36, 10000) = BD36, QUOTIENT(AV36, 10000) = 6)), OR(ISBLANK(AX36), AND(MOD(AX36, 10000) = BD36, QUOTIENT(AX36, 10000) = 7)), OR(ISBLANK(AZ36), AND(MOD(AZ36, 10000) = BD36, QUOTIENT(AZ36, 10000) = 8)), OR(ISBLANK(BB36), AND(MOD(BB36, 10000) = BD36, QUOTIENT(BB36, 10000) = 9)) ) -> TRUE | BG36: =AND( OR(ISBLANK(AW36), AND(MOD(AW36, 10000) = BE36, QUOTIENT(AW36, 10000) = 6)), OR(ISBLANK(AY36), AND(MOD(AY36, 10000) = BE36, QUOTIENT(AY36, 10000) = 7)), OR(ISBLANK(BA36), AND(MOD(BA36, 10000) = BE36, QUOTIENT(BA36, 10000) = 8)), OR(ISBLANK(BC36), AND(MOD(BC36, 10000) = BE36, QUOTIENT(BC36, 10000) = 9)) ) -> TRUE
A37: Inertia | B37: BZ-O1 | C37: 1 | D37: 1 | E37: =_xlfn.CONCAT(B37, RIGHT(_xlfn.CONCAT("0", D37), 2)) -> BZ-O101 | F37: MEWI152 | G37: Caster Crafting | H37: OlvynSpells | J37: =MATCH($A37, 'Spells By School'!A:A, 0) -> #N/A | K37: =MATCH($A37, 'Spells By School'!B:B, 0) -> #N/A | L37: =MATCH($A37, 'Spells By School'!C:C, 0) -> #N/A | M37: =MATCH($A37, 'Spells By School'!D:D, 0) -> 40 | N37: =MATCH($A37, 'Spells By School'!E:E, 0) -> #N/A | O37: =MATCH($A37, 'Spells By School'!F:F, 0) -> #N/A | P37: =MATCH($A37, 'Spells By School'!G:G, 0) -> #N/A | Q37: =MATCH($A37, 'Spells By School'!H:H, 0) -> #N/A | R37: =MATCH($A37, 'Spells By School'!I:I, 0) -> #N/A | S37: =IF(ISNA($J37), IF(ISNA($K37), IF(ISNA($L37), IF(ISNA($M37), IF(ISNA($N37), IF(ISNA($O37), IF(ISNA($P37), IF(ISNA($Q37), IF(ISNA($R37), "###error###", R$1),Q$1),P$1),O$1),N$1),M$1),L$1),K$1),J$1) -> Transmutation | T37: =IF(ISNA($J37), IF(ISNA($K37), IF(ISNA($L37), IF(ISNA($M37), IF(ISNA($N37), IF(ISNA($O37), IF(ISNA($P37), IF(ISNA($Q37), IF(ISNA($R37), "###error###", "WM"),"IL"),"NE"),"EN"),"EV"),"TR"),"DI"),"CO"),"AB") -> TR | U37: =IF(ISNA($J37), IF(ISNA($K37), IF(ISNA($L37), IF(ISNA($M37), IF(ISNA($N37), IF(ISNA($O37), IF(ISNA($P37), IF(ISNA($Q37), IF(ISNA($R37), "###error###", MATCH(A37, 'Wand Mapping'!J:J,0)),MATCH(A37, 'Wand Mapping'!I:I,0)),MATCH(A37, 'Wand Mapping'!H:H,0)),MATCH(A37, 'Wand Mapping'!G:G,0)),MATCH(A37, 'Wand Mapping'!F:F,0)),MATCH(A37, 'Wand Mapping'!E:E,0)),MATCH(A37, 'Wand Mapping'!D:D,0)),MATCH(A37, 'Wand Mapping'!C:C,0)),MATCH(A37, 'Wand Mapping'!B:B,0)) -> 82 | V37: =INDEX('Wand Mapping'!K:K, U37) -> wand_ai_800 | W37: =_xlfn.CONCAT(V37, "_", T37) -> wand_ai_800_TR | Z37: =IF(ISBLANK(X37), W37, X37) -> wand_ai_800_TR | AA37: TRUE | AD37: TRUE | AH37: TRUE | AI37: TRUE | AJ37: TRUE | AK37: TRUE | AL37: TRUE | AM37: TRUE | AZ37: 81068 | BA37: 81069 | BD37: 1068 | BE37: =IF(BD37="", "", BD37+1) -> 1069 | BF37: =AND( OR(ISBLANK(AV37), AND(MOD(AV37, 10000) = BD37, QUOTIENT(AV37, 10000) = 6)), OR(ISBLANK(AX37), AND(MOD(AX37, 10000) = BD37, QUOTIENT(AX37, 10000) = 7)), OR(ISBLANK(AZ37), AND(MOD(AZ37, 10000) = BD37, QUOTIENT(AZ37, 10000) = 8)), OR(ISBLANK(BB37), AND(MOD(BB37, 10000) = BD37, QUOTIENT(BB37, 10000) = 9)) ) -> TRUE | BG37: =AND( OR(ISBLANK(AW37), AND(MOD(AW37, 10000) = BE37, QUOTIENT(AW37, 10000) = 6)), OR(ISBLANK(AY37), AND(MOD(AY37, 10000) = BE37, QUOTIENT(AY37, 10000) = 7)), OR(ISBLANK(BA37), AND(MOD(BA37, 10000) = BE37, QUOTIENT(BA37, 10000) = 8)), OR(ISBLANK(BC37), AND(MOD(BC37, 10000) = BE37, QUOTIENT(BC37, 10000) = 9)) ) -> TRUE
A38: Summon Kobold | B38: BZ-O2 | C38: 1 | D38: 1 | E38: =_xlfn.CONCAT(B38, RIGHT(_xlfn.CONCAT("0", D38), 2)) -> BZ-O201 | F38: MEWI154 | G38: Caster Crafting | H38: OlvynSpells | J38: =MATCH($A38, 'Spells By School'!A:A, 0) -> #N/A | K38: =MATCH($A38, 'Spells By School'!B:B, 0) -> 83 | L38: =MATCH($A38, 'Spells By School'!C:C, 0) -> #N/A | M38: =MATCH($A38, 'Spells By School'!D:D, 0) -> #N/A | N38: =MATCH($A38, 'Spells By School'!E:E, 0) -> #N/A | O38: =MATCH($A38, 'Spells By School'!F:F, 0) -> #N/A | P38: =MATCH($A38, 'Spells By School'!G:G, 0) -> #N/A | Q38: =MATCH($A38, 'Spells By School'!H:H, 0) -> #N/A | R38: =MATCH($A38, 'Spells By School'!I:I, 0) -> #N/A | S38: =IF(ISNA($J38), IF(ISNA($K38), IF(ISNA($L38), IF(ISNA($M38), IF(ISNA($N38), IF(ISNA($O38), IF(ISNA($P38), IF(ISNA($Q38), IF(ISNA($R38), "###error###", R$1),Q$1),P$1),O$1),N$1),M$1),L$1),K$1),J$1) -> Conjuration | T38: =IF(ISNA($J38), IF(ISNA($K38), IF(ISNA($L38), IF(ISNA($M38), IF(ISNA($N38), IF(ISNA($O38), IF(ISNA($P38), IF(ISNA($Q38), IF(ISNA($R38), "###error###", "WM"),"IL"),"NE"),"EN"),"EV"),"TR"),"DI"),"CO"),"AB") -> CO | U38: =IF(ISNA($J38), IF(ISNA($K38), IF(ISNA($L38), IF(ISNA($M38), IF(ISNA($N38), IF(ISNA($O38), IF(ISNA($P38), IF(ISNA($Q38), IF(ISNA($R38), "###error###", MATCH(A38, 'Wand Mapping'!J:J,0)),MATCH(A38, 'Wand Mapping'!I:I,0)),MATCH(A38, 'Wand Mapping'!H:H,0)),MATCH(A38, 'Wand Mapping'!G:G,0)),MATCH(A38, 'Wand Mapping'!F:F,0)),MATCH(A38, 'Wand Mapping'!E:E,0)),MATCH(A38, 'Wand Mapping'!D:D,0)),MATCH(A38, 'Wand Mapping'!C:C,0)),MATCH(A38, 'Wand Mapping'!B:B,0)) -> 38 | V38: =INDEX('Wand Mapping'!K:K, U38) -> wand_ai_360 | W38: =_xlfn.CONCAT(V38, "_", T38) -> wand_ai_360_CO | Z38: =IF(ISBLANK(X38), W38, X38) -> wand_ai_360_CO | AA38: TRUE | AD38: TRUE | AH38: TRUE | AI38: TRUE | AJ38: TRUE | AK38: TRUE | AL38: TRUE | AM38: TRUE | AZ38: 81070 | BA38: 81071 | BD38: 1070 | BE38: =IF(BD38="", "", BD38+1) -> 1071 | BF38: =AND( OR(ISBLANK(AV38), AND(MOD(AV38, 10000) = BD38, QUOTIENT(AV38, 10000) = 6)), OR(ISBLANK(AX38), AND(MOD(AX38, 10000) = BD38, QUOTIENT(AX38, 10000) = 7)), OR(ISBLANK(AZ38), AND(MOD(AZ38, 10000) = BD38, QUOTIENT(AZ38, 10000) = 8)), OR(ISBLANK(BB38), AND(MOD(BB38, 10000) = BD38, QUOTIENT(BB38, 10000) = 9)) ) -> TRUE | BG38: =AND( OR(ISBLANK(AW38), AND(MOD(AW38, 10000) = BE38, QUOTIENT(AW38, 10000) = 6)), OR(ISBLANK(AY38), AND(MOD(AY38, 10000) = BE38, QUOTIENT(AY38, 10000) = 7)), OR(ISBLANK(BA38), AND(MOD(BA38, 10000) = BE38, QUOTIENT(BA38, 10000) = 8)), OR(ISBLANK(BC38), AND(MOD(BC38, 10000) = BE38, QUOTIENT(BC38, 10000) = 9)) ) -> TRUE
A39: Jump | B39: BZ-QT | C39: 1 | D39: 1 | E39: =_xlfn.CONCAT(B39, RIGHT(_xlfn.CONCAT("0", D39), 2)) -> BZ-QT01 | F39: MEWI156 | G39: Caster Crafting | H39: OlvynSpells | I39: EEex | J39: =MATCH($A39, 'Spells By School'!A:A, 0) -> #N/A | K39: =MATCH($A39, 'Spells By School'!B:B, 0) -> #N/A | L39: =MATCH($A39, 'Spells By School'!C:C, 0) -> #N/A | M39: =MATCH($A39, 'Spells By School'!D:D, 0) -> 42 | N39: =MATCH($A39, 'Spells By School'!E:E, 0) -> #N/A | O39: =MATCH($A39, 'Spells By School'!F:F, 0) -> #N/A | P39: =MATCH($A39, 'Spells By School'!G:G, 0) -> #N/A | Q39: =MATCH($A39, 'Spells By School'!H:H, 0) -> #N/A | R39: =MATCH($A39, 'Spells By School'!I:I, 0) -> #N/A | S39: =IF(ISNA($J39), IF(ISNA($K39), IF(ISNA($L39), IF(ISNA($M39), IF(ISNA($N39), IF(ISNA($O39), IF(ISNA($P39), IF(ISNA($Q39), IF(ISNA($R39), "###error###", R$1),Q$1),P$1),O$1),N$1),M$1),L$1),K$1),J$1) -> Transmutation | T39: =IF(ISNA($J39), IF(ISNA($K39), IF(ISNA($L39), IF(ISNA($M39), IF(ISNA($N39), IF(ISNA($O39), IF(ISNA($P39), IF(ISNA($Q39), IF(ISNA($R39), "###error###", "WM"),"IL"),"NE"),"EN"),"EV"),"TR"),"DI"),"CO"),"AB") -> TR | U39: =IF(ISNA($J39), IF(ISNA($K39), IF(ISNA($L39), IF(ISNA($M39), IF(ISNA($N39), IF(ISNA($O39), IF(ISNA($P39), IF(ISNA($Q39), IF(ISNA($R39), "###error###", MATCH(A39, 'Wand Mapping'!J:J,0)),MATCH(A39, 'Wand Mapping'!I:I,0)),MATCH(A39, 'Wand Mapping'!H:H,0)),MATCH(A39, 'Wand Mapping'!G:G,0)),MATCH(A39, 'Wand Mapping'!F:F,0)),MATCH(A39, 'Wand Mapping'!E:E,0)),MATCH(A39, 'Wand Mapping'!D:D,0)),MATCH(A39, 'Wand Mapping'!C:C,0)),MATCH(A39, 'Wand Mapping'!B:B,0)) -> 63 | V39: =INDEX('Wand Mapping'!K:K, U39) -> wand_ai_610 | W39: =_xlfn.CONCAT(V39, "_", T39) -> wand_ai_610_TR | Z39: =IF(ISBLANK(X39), W39, X39) -> wand_ai_610_TR | AA39: TRUE | AD39: TRUE | AH39: TRUE | AI39: TRUE | AJ39: TRUE | AK39: TRUE | AL39: TRUE | AM39: TRUE | AN39: TRUE | AZ39: 81072 | BA39: 81073 | BD39: 1072 | BE39: =IF(BD39="", "", BD39+1) -> 1073 | BF39: =AND( OR(ISBLANK(AV39), AND(MOD(AV39, 10000) = BD39, QUOTIENT(AV39, 10000) = 6)), OR(ISBLANK(AX39), AND(MOD(AX39, 10000) = BD39, QUOTIENT(AX39, 10000) = 7)), OR(ISBLANK(AZ39), AND(MOD(AZ39, 10000) = BD39, QUOTIENT(AZ39, 10000) = 8)), OR(ISBLANK(BB39), AND(MOD(BB39, 10000) = BD39, QUOTIENT(BB39, 10000) = 9)) ) -> TRUE | BG39: =AND( OR(ISBLANK(AW39), AND(MOD(AW39, 10000) = BE39, QUOTIENT(AW39, 10000) = 6)), OR(ISBLANK(AY39), AND(MOD(AY39, 10000) = BE39, QUOTIENT(AY39, 10000) = 7)), OR(ISBLANK(BA39), AND(MOD(BA39, 10000) = BE39, QUOTIENT(BA39, 10000) = 8)), OR(ISBLANK(BC39), AND(MOD(BC39, 10000) = BE39, QUOTIENT(BC39, 10000) = 9)) ) -> TRUE
A40: Hex | B40: BZ-QU | C40: 1 | D40: 1 | E40: =_xlfn.CONCAT(B40, RIGHT(_xlfn.CONCAT("0", D40), 2)) -> BZ-QU01 | F40: MEWI157 | G40: Caster Crafting | H40: OlvynSpells | I40: EEex | J40: =MATCH($A40, 'Spells By School'!A:A, 0) -> #N/A | K40: =MATCH($A40, 'Spells By School'!B:B, 0) -> #N/A | L40: =MATCH($A40, 'Spells By School'!C:C, 0) -> #N/A | M40: =MATCH($A40, 'Spells By School'!D:D, 0) -> #N/A | N40: =MATCH($A40, 'Spells By School'!E:E, 0) -> #N/A | O40: =MATCH($A40, 'Spells By School'!F:F, 0) -> 29 | P40: =MATCH($A40, 'Spells By School'!G:G, 0) -> #N/A | Q40: =MATCH($A40, 'Spells By School'!H:H, 0) -> #N/A | R40: =MATCH($A40, 'Spells By School'!I:I, 0) -> #N/A | S40: =IF(ISNA($J40), IF(ISNA($K40), IF(ISNA($L40), IF(ISNA($M40), IF(ISNA($N40), IF(ISNA($O40), IF(ISNA($P40), IF(ISNA($Q40), IF(ISNA($R40), "###error###", R$1),Q$1),P$1),O$1),N$1),M$1),L$1),K$1),J$1) -> Enchantment | T40: =IF(ISNA($J40), IF(ISNA($K40), IF(ISNA($L40), IF(ISNA($M40), IF(ISNA($N40), IF(ISNA($O40), IF(ISNA($P40), IF(ISNA($Q40), IF(ISNA($R40), "###error###", "WM"),"IL"),"NE"),"EN"),"EV"),"TR"),"DI"),"CO"),"AB") -> EN | U40: =IF(ISNA($J40), IF(ISNA($K40), IF(ISNA($L40), IF(ISNA($M40), IF(ISNA($N40), IF(ISNA($O40), IF(ISNA($P40), IF(ISNA($Q40), IF(ISNA($R40), "###error###", MATCH(A40, 'Wand Mapping'!J:J,0)),MATCH(A40, 'Wand Mapping'!I:I,0)),MATCH(A40, 'Wand Mapping'!H:H,0)),MATCH(A40, 'Wand Mapping'!G:G,0)),MATCH(A40, 'Wand Mapping'!F:F,0)),MATCH(A40, 'Wand Mapping'!E:E,0)),MATCH(A40, 'Wand Mapping'!D:D,0)),MATCH(A40, 'Wand Mapping'!C:C,0)),MATCH(A40, 'Wand Mapping'!B:B,0)) -> 97 | V40: =INDEX('Wand Mapping'!K:K, U40) -> wand_ai_950 | W40: =_xlfn.CONCAT(V40, "_", T40) -> wand_ai_950_EN | Z40: =IF(ISBLANK(X40), W40, X40) -> wand_ai_950_EN | AA40: TRUE | AC40: TRUE | AD40: TRUE | AF40: TRUE | AG40: TRUE | AJ40: TRUE | AK40: TRUE | AL40: TRUE | AM40: TRUE | AZ40: 81074 | BA40: 81075 | BD40: 1074 | BE40: =IF(BD40="", "", BD40+1) -> 1075 | BF40: =AND( OR(ISBLANK(AV40), AND(MOD(AV40, 10000) = BD40, QUOTIENT(AV40, 10000) = 6)), OR(ISBLANK(AX40), AND(MOD(AX40, 10000) = BD40, QUOTIENT(AX40, 10000) = 7)), OR(ISBLANK(AZ40), AND(MOD(AZ40, 10000) = BD40, QUOTIENT(AZ40, 10000) = 8)), OR(ISBLANK(BB40), AND(MOD(BB40, 10000) = BD40, QUOTIENT(BB40, 10000) = 9)) ) -> TRUE | BG40: =AND( OR(ISBLANK(AW40), AND(MOD(AW40, 10000) = BE40, QUOTIENT(AW40, 10000) = 6)), OR(ISBLANK(AY40), AND(MOD(AY40, 10000) = BE40, QUOTIENT(AY40, 10000) = 7)), OR(ISBLANK(BA40), AND(MOD(BA40, 10000) = BE40, QUOTIENT(BA40, 10000) = 8)), OR(ISBLANK(BC40), AND(MOD(BC40, 10000) = BE40, QUOTIENT(BC40, 10000) = 9)) ) -> TRUE
A41: Reflect Attack | B41: BZ-QV | C41: 1 | D41: 1 | E41: =_xlfn.CONCAT(B41, RIGHT(_xlfn.CONCAT("0", D41), 2)) -> BZ-QV01 | F41: MEWI158 | G41: Caster Crafting | H41: OlvynSpells | I41: EEex | J41: =MATCH($A41, 'Spells By School'!A:A, 0) -> 56 | K41: =MATCH($A41, 'Spells By School'!B:B, 0) -> #N/A | L41: =MATCH($A41, 'Spells By School'!C:C, 0) -> #N/A | M41: =MATCH($A41, 'Spells By School'!D:D, 0) -> #N/A | N41: =MATCH($A41, 'Spells By School'!E:E, 0) -> #N/A | O41: =MATCH($A41, 'Spells By School'!F:F, 0) -> #N/A | P41: =MATCH($A41, 'Spells By School'!G:G, 0) -> #N/A | Q41: =MATCH($A41, 'Spells By School'!H:H, 0) -> #N/A | R41: =MATCH($A41, 'Spells By School'!I:I, 0) -> #N/A | S41: =IF(ISNA($J41), IF(ISNA($K41), IF(ISNA($L41), IF(ISNA($M41), IF(ISNA($N41), IF(ISNA($O41), IF(ISNA($P41), IF(ISNA($Q41), IF(ISNA($R41), "###error###", R$1),Q$1),P$1),O$1),N$1),M$1),L$1),K$1),J$1) -> Abjuration | T41: =IF(ISNA($J41), IF(ISNA($K41), IF(ISNA($L41), IF(ISNA($M41), IF(ISNA($N41), IF(ISNA($O41), IF(ISNA($P41), IF(ISNA($Q41), IF(ISNA($R41), "###error###", "WM"),"IL"),"NE"),"EN"),"EV"),"TR"),"DI"),"CO"),"AB") -> AB | U41: =IF(ISNA($J41), IF(ISNA($K41), IF(ISNA($L41), IF(ISNA($M41), IF(ISNA($N41), IF(ISNA($O41), IF(ISNA($P41), IF(ISNA($Q41), IF(ISNA($R41), "###error###", MATCH(A41, 'Wand Mapping'!J:J,0)),MATCH(A41, 'Wand Mapping'!I:I,0)),MATCH(A41, 'Wand Mapping'!H:H,0)),MATCH(A41, 'Wand Mapping'!G:G,0)),MATCH(A41, 'Wand Mapping'!F:F,0)),MATCH(A41, 'Wand Mapping'!E:E,0)),MATCH(A41, 'Wand Mapping'!D:D,0)),MATCH(A41, 'Wand Mapping'!C:C,0)),MATCH(A41, 'Wand Mapping'!B:B,0)) -> 84 | V41: =INDEX('Wand Mapping'!K:K, U41) -> wand_ai_820 | W41: =_xlfn.CONCAT(V41, "_", T41) -> wand_ai_820_AB | Z41: =IF(ISBLANK(X41), W41, X41) -> wand_ai_820_AB | AA41: TRUE | AD41: TRUE | AH41: TRUE | AI41: TRUE | AJ41: TRUE | AK41: TRUE | AL41: TRUE | AM41: TRUE | AZ41: 81076 | BA41: 81077 | BD41: 1076 | BE41: =IF(BD41="", "", BD41+1) -> 1077 | BF41: =AND( OR(ISBLANK(AV41), AND(MOD(AV41, 10000) = BD41, QUOTIENT(AV41, 10000) = 6)), OR(ISBLANK(AX41), AND(MOD(AX41, 10000) = BD41, QUOTIENT(AX41, 10000) = 7)), OR(ISBLANK(AZ41), AND(MOD(AZ41, 10000) = BD41, QUOTIENT(AZ41, 10000) = 8)), OR(ISBLANK(BB41), AND(MOD(BB41, 10000) = BD41, QUOTIENT(BB41, 10000) = 9)) ) -> TRUE | BG41: =AND( OR(ISBLANK(AW41), AND(MOD(AW41, 10000) = BE41, QUOTIENT(AW41, 10000) = 6)), OR(ISBLANK(AY41), AND(MOD(AY41, 10000) = BE41, QUOTIENT(AY41, 10000) = 7)), OR(ISBLANK(BA41), AND(MOD(BA41, 10000) = BE41, QUOTIENT(BA41, 10000) = 8)), OR(ISBLANK(BC41), AND(MOD(BC41, 10000) = BE41, QUOTIENT(BC41, 10000) = 9)) ) -> TRUE
A42: Taunt | B42: BZ-QW | C42: 1 | D42: 1 | E42: =_xlfn.CONCAT(B42, RIGHT(_xlfn.CONCAT("0", D42), 2)) -> BZ-QW01 | F42: MEWI159 | G42: Caster Crafting | H42: OlvynSpells | I42: EEex | J42: =MATCH($A42, 'Spells By School'!A:A, 0) -> #N/A | K42: =MATCH($A42, 'Spells By School'!B:B, 0) -> #N/A | L42: =MATCH($A42, 'Spells By School'!C:C, 0) -> #N/A | M42: =MATCH($A42, 'Spells By School'!D:D, 0) -> #N/A | N42: =MATCH($A42, 'Spells By School'!E:E, 0) -> #N/A | O42: =MATCH($A42, 'Spells By School'!F:F, 0) -> 47 | P42: =MATCH($A42, 'Spells By School'!G:G, 0) -> #N/A | Q42: =MATCH($A42, 'Spells By School'!H:H, 0) -> #N/A | R42: =MATCH($A42, 'Spells By School'!I:I, 0) -> #N/A | S42: =IF(ISNA($J42), IF(ISNA($K42), IF(ISNA($L42), IF(ISNA($M42), IF(ISNA($N42), IF(ISNA($O42), IF(ISNA($P42), IF(ISNA($Q42), IF(ISNA($R42), "###error###", R$1),Q$1),P$1),O$1),N$1),M$1),L$1),K$1),J$1) -> Enchantment | T42: =IF(ISNA($J42), IF(ISNA($K42), IF(ISNA($L42), IF(ISNA($M42), IF(ISNA($N42), IF(ISNA($O42), IF(ISNA($P42), IF(ISNA($Q42), IF(ISNA($R42), "###error###", "WM"),"IL"),"NE"),"EN"),"EV"),"TR"),"DI"),"CO"),"AB") -> EN | U42: =IF(ISNA($J42), IF(ISNA($K42), IF(ISNA($L42), IF(ISNA($M42), IF(ISNA($N42), IF(ISNA($O42), IF(ISNA($P42), IF(ISNA($Q42), IF(ISNA($R42), "###error###", MATCH(A42, 'Wand Mapping'!J:J,0)),MATCH(A42, 'Wand Mapping'!I:I,0)),MATCH(A42, 'Wand Mapping'!H:H,0)),MATCH(A42, 'Wand Mapping'!G:G,0)),MATCH(A42, 'Wand Mapping'!F:F,0)),MATCH(A42, 'Wand Mapping'!E:E,0)),MATCH(A42, 'Wand Mapping'!D:D,0)),MATCH(A42, 'Wand Mapping'!C:C,0)),MATCH(A42, 'Wand Mapping'!B:B,0)) -> 82 | V42: =INDEX('Wand Mapping'!K:K, U42) -> wand_ai_800 | W42: =_xlfn.CONCAT(V42, "_", T42) -> wand_ai_800_EN | Z42: =IF(ISBLANK(X42), W42, X42) -> wand_ai_800_EN | AA42: TRUE | AD42: TRUE | AH42: TRUE | AI42: TRUE | AJ42: TRUE | AK42: TRUE | AL42: TRUE | AM42: TRUE | AZ42: 81078 | BA42: 81079 | BD42: 1078 | BE42: =IF(BD42="", "", BD42+1) -> 1079 | BF42: =AND( OR(ISBLANK(AV42), AND(MOD(AV42, 10000) = BD42, QUOTIENT(AV42, 10000) = 6)), OR(ISBLANK(AX42), AND(MOD(AX42, 10000) = BD42, QUOTIENT(AX42, 10000) = 7)), OR(ISBLANK(AZ42), AND(MOD(AZ42, 10000) = BD42, QUOTIENT(AZ42, 10000) = 8)), OR(ISBLANK(BB42), AND(MOD(BB42, 10000) = BD42, QUOTIENT(BB42, 10000) = 9)) ) -> TRUE | BG42: =AND( OR(ISBLANK(AW42), AND(MOD(AW42, 10000) = BE42, QUOTIENT(AW42, 10000) = 6)), OR(ISBLANK(AY42), AND(MOD(AY42, 10000) = BE42, QUOTIENT(AY42, 10000) = 7)), OR(ISBLANK(BA42), AND(MOD(BA42, 10000) = BE42, QUOTIENT(BA42, 10000) = 8)), OR(ISBLANK(BC42), AND(MOD(BC42, 10000) = BE42, QUOTIENT(BC42, 10000) = 9)) ) -> TRUE
A43: Dimensional Chest | B43: BZ-O4 | C43: 1 | D43: 1 | E43: =_xlfn.CONCAT(B43, RIGHT(_xlfn.CONCAT("0", D43), 2)) -> BZ-O401 | F43: MEWI160 | G43: Caster Crafting | H43: OlvynSpells | J43: =MATCH($A43, 'Spells By School'!A:A, 0) -> #N/A | K43: =MATCH($A43, 'Spells By School'!B:B, 0) -> 25 | L43: =MATCH($A43, 'Spells By School'!C:C, 0) -> #N/A | M43: =MATCH($A43, 'Spells By School'!D:D, 0) -> #N/A | N43: =MATCH($A43, 'Spells By School'!E:E, 0) -> #N/A | O43: =MATCH($A43, 'Spells By School'!F:F, 0) -> #N/A | P43: =MATCH($A43, 'Spells By School'!G:G, 0) -> #N/A | Q43: =MATCH($A43, 'Spells By School'!H:H, 0) -> #N/A | R43: =MATCH($A43, 'Spells By School'!I:I, 0) -> #N/A | S43: =IF(ISNA($J43), IF(ISNA($K43), IF(ISNA($L43), IF(ISNA($M43), IF(ISNA($N43), IF(ISNA($O43), IF(ISNA($P43), IF(ISNA($Q43), IF(ISNA($R43), "###error###", R$1),Q$1),P$1),O$1),N$1),M$1),L$1),K$1),J$1) -> Conjuration | T43: =IF(ISNA($J43), IF(ISNA($K43), IF(ISNA($L43), IF(ISNA($M43), IF(ISNA($N43), IF(ISNA($O43), IF(ISNA($P43), IF(ISNA($Q43), IF(ISNA($R43), "###error###", "WM"),"IL"),"NE"),"EN"),"EV"),"TR"),"DI"),"CO"),"AB") -> CO | U43: =IF(ISNA($J43), IF(ISNA($K43), IF(ISNA($L43), IF(ISNA($M43), IF(ISNA($N43), IF(ISNA($O43), IF(ISNA($P43), IF(ISNA($Q43), IF(ISNA($R43), "###error###", MATCH(A43, 'Wand Mapping'!J:J,0)),MATCH(A43, 'Wand Mapping'!I:I,0)),MATCH(A43, 'Wand Mapping'!H:H,0)),MATCH(A43, 'Wand Mapping'!G:G,0)),MATCH(A43, 'Wand Mapping'!F:F,0)),MATCH(A43, 'Wand Mapping'!E:E,0)),MATCH(A43, 'Wand Mapping'!D:D,0)),MATCH(A43, 'Wand Mapping'!C:C,0)),MATCH(A43, 'Wand Mapping'!B:B,0)) -> 41 | V43: =INDEX('Wand Mapping'!K:K, U43) -> wand_ai_390 | W43: =_xlfn.CONCAT(V43, "_", T43) -> wand_ai_390_CO | Z43: =IF(ISBLANK(X43), W43, X43) -> wand_ai_390_CO | AA43: TRUE | AD43: TRUE | AH43: TRUE | AI43: TRUE | AJ43: TRUE | AK43: TRUE | AL43: TRUE | AM43: TRUE | AN43: TRUE | AZ43: 81080 | BA43: 81081 | BD43: 1080 | BE43: =IF(BD43="", "", BD43+1) -> 1081 | BF43: =AND( OR(ISBLANK(AV43), AND(MOD(AV43, 10000) = BD43, QUOTIENT(AV43, 10000) = 6)), OR(ISBLANK(AX43), AND(MOD(AX43, 10000) = BD43, QUOTIENT(AX43, 10000) = 7)), OR(ISBLANK(AZ43), AND(MOD(AZ43, 10000) = BD43, QUOTIENT(AZ43, 10000) = 8)), OR(ISBLANK(BB43), AND(MOD(BB43, 10000) = BD43, QUOTIENT(BB43, 10000) = 9)) ) -> TRUE | BG43: =AND( OR(ISBLANK(AW43), AND(MOD(AW43, 10000) = BE43, QUOTIENT(AW43, 10000) = 6)), OR(ISBLANK(AY43), AND(MOD(AY43, 10000) = BE43, QUOTIENT(AY43, 10000) = 7)), OR(ISBLANK(BA43), AND(MOD(BA43, 10000) = BE43, QUOTIENT(BA43, 10000) = 8)), OR(ISBLANK(BC43), AND(MOD(BC43, 10000) = BE43, QUOTIENT(BC43, 10000) = 9)) ) -> TRUE
A44: Obscuring Mist | B44: BZ-YG | C44: 1 | D44: 1 | E44: =_xlfn.CONCAT(B44, RIGHT(_xlfn.CONCAT("0", D44), 2)) -> BZ-YG01 | G44: Spell Revisions | AA44: TRUE | AD44: TRUE | AH44: TRUE | AI44: TRUE | AJ44: TRUE | AK44: TRUE | AL44: TRUE | AM44: TRUE | BB44: 91082 | BC44: 91083 | BD44: 1082 | BE44: =IF(BD44="", "", BD44+1) -> 1083 | BF44: =AND( OR(ISBLANK(AV44), AND(MOD(AV44, 10000) = BD44, QUOTIENT(AV44, 10000) = 6)), OR(ISBLANK(AX44), AND(MOD(AX44, 10000) = BD44, QUOTIENT(AX44, 10000) = 7)), OR(ISBLANK(AZ44), AND(MOD(AZ44, 10000) = BD44, QUOTIENT(AZ44, 10000) = 8)), OR(ISBLANK(BB44), AND(MOD(BB44, 10000) = BD44, QUOTIENT(BB44, 10000) = 9)) ) -> TRUE | BG44: =AND( OR(ISBLANK(AW44), AND(MOD(AW44, 10000) = BE44, QUOTIENT(AW44, 10000) = 6)), OR(ISBLANK(AY44), AND(MOD(AY44, 10000) = BE44, QUOTIENT(AY44, 10000) = 7)), OR(ISBLANK(BA44), AND(MOD(BA44, 10000) = BE44, QUOTIENT(BA44, 10000) = 8)), OR(ISBLANK(BC44), AND(MOD(BC44, 10000) = BE44, QUOTIENT(BC44, 10000) = 9)) ) -> TRUE
A45: Monster Summoning I | B45: BZ-YH | C45: 1 | D45: 1 | E45: =_xlfn.CONCAT(B45, RIGHT(_xlfn.CONCAT("0", D45), 2)) -> BZ-YH01 | G45: Spell Revisions | AA45: TRUE | AD45: TRUE | AH45: TRUE | AI45: TRUE | AJ45: TRUE | AK45: TRUE | AL45: TRUE | AM45: TRUE | BB45: 91084 | BC45: 91085 | BD45: 1084 | BE45: =IF(BD45="", "", BD45+1) -> 1085 | BF45: =AND( OR(ISBLANK(AV45), AND(MOD(AV45, 10000) = BD45, QUOTIENT(AV45, 10000) = 6)), OR(ISBLANK(AX45), AND(MOD(AX45, 10000) = BD45, QUOTIENT(AX45, 10000) = 7)), OR(ISBLANK(AZ45), AND(MOD(AZ45, 10000) = BD45, QUOTIENT(AZ45, 10000) = 8)), OR(ISBLANK(BB45), AND(MOD(BB45, 10000) = BD45, QUOTIENT(BB45, 10000) = 9)) ) -> TRUE | BG45: =AND( OR(ISBLANK(AW45), AND(MOD(AW45, 10000) = BE45, QUOTIENT(AW45, 10000) = 6)), OR(ISBLANK(AY45), AND(MOD(AY45, 10000) = BE45, QUOTIENT(AY45, 10000) = 7)), OR(ISBLANK(BA45), AND(MOD(BA45, 10000) = BE45, QUOTIENT(BA45, 10000) = 8)), OR(ISBLANK(BC45), AND(MOD(BC45, 10000) = BE45, QUOTIENT(BC45, 10000) = 9)) ) -> TRUE
A46: True Strike | B46: BZ-SI | C46: 1 | D46: 1 | E46: =_xlfn.CONCAT(B46, RIGHT(_xlfn.CONCAT("0", D46), 2)) -> BZ-SI01 | F46: SPWI111 | G46: Caster Crafting | H46: OlvynSpells | I46: True Strike | J46: =MATCH($A46, 'Spells By School'!A:A, 0) -> #N/A | K46: =MATCH($A46, 'Spells By School'!B:B, 0) -> #N/A | L46: =MATCH($A46, 'Spells By School'!C:C, 0) -> 22 | M46: =MATCH($A46, 'Spells By School'!D:D, 0) -> #N/A | N46: =MATCH($A46, 'Spells By School'!E:E, 0) -> #N/A | O46: =MATCH($A46, 'Spells By School'!F:F, 0) -> #N/A | P46: =MATCH($A46, 'Spells By School'!G:G, 0) -> #N/A | Q46: =MATCH($A46, 'Spells By School'!H:H, 0) -> #N/A | R46: =MATCH($A46, 'Spells By School'!I:I, 0) -> #N/A | S46: =IF(ISNA($J46), IF(ISNA($K46), IF(ISNA($L46), IF(ISNA($M46), IF(ISNA($N46), IF(ISNA($O46), IF(ISNA($P46), IF(ISNA($Q46), IF(ISNA($R46), "###error###", R$1),Q$1),P$1),O$1),N$1),M$1),L$1),K$1),J$1) -> Divination | T46: =IF(ISNA($J46), IF(ISNA($K46), IF(ISNA($L46), IF(ISNA($M46), IF(ISNA($N46), IF(ISNA($O46), IF(ISNA($P46), IF(ISNA($Q46), IF(ISNA($R46), "###error###", "WM"),"IL"),"NE"),"EN"),"EV"),"TR"),"DI"),"CO"),"AB") -> DI | U46: =IF(ISNA($J46), IF(ISNA($K46), IF(ISNA($L46), IF(ISNA($M46), IF(ISNA($N46), IF(ISNA($O46), IF(ISNA($P46), IF(ISNA($Q46), IF(ISNA($R46), "###error###", MATCH(A46, 'Wand Mapping'!J:J,0)),MATCH(A46, 'Wand Mapping'!I:I,0)),MATCH(A46, 'Wand Mapping'!H:H,0)),MATCH(A46, 'Wand Mapping'!G:G,0)),MATCH(A46, 'Wand Mapping'!F:F,0)),MATCH(A46, 'Wand Mapping'!E:E,0)),MATCH(A46, 'Wand Mapping'!D:D,0)),MATCH(A46, 'Wand Mapping'!C:C,0)),MATCH(A46, 'Wand Mapping'!B:B,0)) -> #N/A | V46: =INDEX('Wand Mapping'!K:K, U46) -> #N/A | W46: =_xlfn.CONCAT(V46, "_", T46) -> #N/A | X46: wand_ai_160_DI | Z46: =IF(ISBLANK(X46), W46, X46) -> wand_ai_160_DI | AA46: TRUE | AD46: TRUE | AH46: TRUE | AI46: TRUE | AJ46: TRUE | AK46: TRUE | AL46: TRUE | AM46: TRUE | AZ46: 81086 | BA46: 81087 | BB46: 91086 | BC46: 91087 | BD46: 1086 | BE46: =IF(BD46="", "", BD46+1) -> 1087 | BF46: =AND( OR(ISBLANK(AV46), AND(MOD(AV46, 10000) = BD46, QUOTIENT(AV46, 10000) = 6)), OR(ISBLANK(AX46), AND(MOD(AX46, 10000) = BD46, QUOTIENT(AX46, 10000) = 7)), OR(ISBLANK(AZ46), AND(MOD(AZ46, 10000) = BD46, QUOTIENT(AZ46, 10000) = 8)), OR(ISBLANK(BB46), AND(MOD(BB46, 10000) = BD46, QUOTIENT(BB46, 10000) = 9)) ) -> TRUE | BG46: =AND( OR(ISBLANK(AW46), AND(MOD(AW46, 10000) = BE46, QUOTIENT(AW46, 10000) = 6)), OR(ISBLANK(AY46), AND(MOD(AY46, 10000) = BE46, QUOTIENT(AY46, 10000) = 7)), OR(ISBLANK(BA46), AND(MOD(BA46, 10000) = BE46, QUOTIENT(BA46, 10000) = 8)), OR(ISBLANK(BC46), AND(MOD(BC46, 10000) = BE46, QUOTIENT(BC46, 10000) = 9)) ) -> TRUE
